Section	Id	Action
Main	4	Track: Set volume for selected tracks (MIDI CC/OSC only)
Main	5	Track: Set pan for selected tracks (MIDI CC/OSC only)
Main	6	Track: Toggle mute for selected tracks
Main	7	Track: Toggle solo for selected tracks
Main	8	Track: Toggle FX bypass for selected tracks
Main	9	Track: Toggle record arm for selected tracks
Main	10	Track: Set mute for selected tracks (MIDI CC/OSC only)
Main	11	Track: Set solo for selected tracks (MIDI CC/OSC only)
Main	12	Track: Set volume for master track (MIDI CC/OSC only)
Main	13	Track: Set pan for master track (MIDI CC/OSC only)
Main	14	Track: Toggle mute for master track
Main	15	Track: Toggle solo for master track
Main	16	Track: Toggle FX bypass for master track
Main	18	Track: Set mute for master track (MIDI CC/OSC only)
Main	19	Track: Set solo for master track (MIDI CC/OSC only)
Main	20	Track: Set volume for track 01 (MIDI CC/OSC only)
Main	21	Track: Set pan for track 01 (MIDI CC/OSC only)
Main	22	Track: Toggle mute for track 01
Main	23	Track: Toggle solo for track 01
Main	24	Track: Toggle FX bypass for track 01
Main	25	Track: Toggle record arm for track 01
Main	26	Track: Set mute for track 01 (MIDI CC/OSC only)
Main	27	Track: Set solo for track 01 (MIDI CC/OSC only)
Main	28	Track: Set volume for track 02 (MIDI CC/OSC only)
Main	29	Track: Set pan for track 02 (MIDI CC/OSC only)
Main	30	Track: Toggle mute for track 02
Main	31	Track: Toggle solo for track 02
Main	32	Track: Toggle FX bypass for track 02
Main	33	Track: Toggle record arm for track 02
Main	34	Track: Set mute for track 02 (MIDI CC/OSC only)
Main	35	Track: Set solo for track 02 (MIDI CC/OSC only)
Main	36	Track: Set volume for track 03 (MIDI CC/OSC only)
Main	37	Track: Set pan for track 03 (MIDI CC/OSC only)
Main	38	Track: Toggle mute for track 03
Main	39	Track: Toggle solo for track 03
Main	40	Track: Toggle FX bypass for track 03
Main	41	Track: Toggle record arm for track 03
Main	42	Track: Set mute for track 03 (MIDI CC/OSC only)
Main	43	Track: Set solo for track 03 (MIDI CC/OSC only)
Main	44	Track: Set volume for track 04 (MIDI CC/OSC only)
Main	45	Track: Set pan for track 04 (MIDI CC/OSC only)
Main	46	Track: Toggle mute for track 04
Main	47	Track: Toggle solo for track 04
Main	48	Track: Toggle FX bypass for track 04
Main	49	Track: Toggle record arm for track 04
Main	50	Track: Set mute for track 04 (MIDI CC/OSC only)
Main	51	Track: Set solo for track 04 (MIDI CC/OSC only)
Main	52	Track: Set volume for track 05 (MIDI CC/OSC only)
Main	53	Track: Set pan for track 05 (MIDI CC/OSC only)
Main	54	Track: Toggle mute for track 05
Main	55	Track: Toggle solo for track 05
Main	56	Track: Toggle FX bypass for track 05
Main	57	Track: Toggle record arm for track 05
Main	58	Track: Set mute for track 05 (MIDI CC/OSC only)
Main	59	Track: Set solo for track 05 (MIDI CC/OSC only)
Main	60	Track: Set volume for track 06 (MIDI CC/OSC only)
Main	61	Track: Set pan for track 06 (MIDI CC/OSC only)
Main	62	Track: Toggle mute for track 06
Main	63	Track: Toggle solo for track 06
Main	64	Track: Toggle FX bypass for track 06
Main	65	Track: Toggle record arm for track 06
Main	66	Track: Set mute for track 06 (MIDI CC/OSC only)
Main	67	Track: Set solo for track 06 (MIDI CC/OSC only)
Main	68	Track: Set volume for track 07 (MIDI CC/OSC only)
Main	69	Track: Set pan for track 07 (MIDI CC/OSC only)
Main	70	Track: Toggle mute for track 07
Main	71	Track: Toggle solo for track 07
Main	72	Track: Toggle FX bypass for track 07
Main	73	Track: Toggle record arm for track 07
Main	74	Track: Set mute for track 07 (MIDI CC/OSC only)
Main	75	Track: Set solo for track 07 (MIDI CC/OSC only)
Main	76	Track: Set volume for track 08 (MIDI CC/OSC only)
Main	77	Track: Set pan for track 08 (MIDI CC/OSC only)
Main	78	Track: Toggle mute for track 08
Main	79	Track: Toggle solo for track 08
Main	80	Track: Toggle FX bypass for track 08
Main	81	Track: Toggle record arm for track 08
Main	82	Track: Set mute for track 08 (MIDI CC/OSC only)
Main	83	Track: Set solo for track 08 (MIDI CC/OSC only)
Main	84	Track: Set volume for track 09 (MIDI CC/OSC only)
Main	85	Track: Set pan for track 09 (MIDI CC/OSC only)
Main	86	Track: Toggle mute for track 09
Main	87	Track: Toggle solo for track 09
Main	88	Track: Toggle FX bypass for track 09
Main	89	Track: Toggle record arm for track 09
Main	90	Track: Set mute for track 09 (MIDI CC/OSC only)
Main	91	Track: Set solo for track 09 (MIDI CC/OSC only)
Main	92	Track: Set volume for track 10 (MIDI CC/OSC only)
Main	93	Track: Set pan for track 10 (MIDI CC/OSC only)
Main	94	Track: Toggle mute for track 10
Main	95	Track: Toggle solo for track 10
Main	96	Track: Toggle FX bypass for track 10
Main	97	Track: Toggle record arm for track 10
Main	98	Track: Set mute for track 10 (MIDI CC/OSC only)
Main	99	Track: Set solo for track 10 (MIDI CC/OSC only)
Main	100	Track: Set volume for track 11 (MIDI CC/OSC only)
Main	101	Track: Set pan for track 11 (MIDI CC/OSC only)
Main	102	Track: Toggle mute for track 11
Main	103	Track: Toggle solo for track 11
Main	104	Track: Toggle FX bypass for track 11
Main	105	Track: Toggle record arm for track 11
Main	106	Track: Set mute for track 11 (MIDI CC/OSC only)
Main	107	Track: Set solo for track 11 (MIDI CC/OSC only)
Main	108	Track: Set volume for track 12 (MIDI CC/OSC only)
Main	109	Track: Set pan for track 12 (MIDI CC/OSC only)
Main	110	Track: Toggle mute for track 12
Main	111	Track: Toggle solo for track 12
Main	112	Track: Toggle FX bypass for track 12
Main	113	Track: Toggle record arm for track 12
Main	114	Track: Set mute for track 12 (MIDI CC/OSC only)
Main	115	Track: Set solo for track 12 (MIDI CC/OSC only)
Main	116	Track: Set volume for track 13 (MIDI CC/OSC only)
Main	117	Track: Set pan for track 13 (MIDI CC/OSC only)
Main	118	Track: Toggle mute for track 13
Main	119	Track: Toggle solo for track 13
Main	120	Track: Toggle FX bypass for track 13
Main	121	Track: Toggle record arm for track 13
Main	122	Track: Set mute for track 13 (MIDI CC/OSC only)
Main	123	Track: Set solo for track 13 (MIDI CC/OSC only)
Main	124	Track: Set volume for track 14 (MIDI CC/OSC only)
Main	125	Track: Set pan for track 14 (MIDI CC/OSC only)
Main	126	Track: Toggle mute for track 14
Main	127	Track: Toggle solo for track 14
Main	128	Track: Toggle FX bypass for track 14
Main	129	Track: Toggle record arm for track 14
Main	130	Track: Set mute for track 14 (MIDI CC/OSC only)
Main	131	Track: Set solo for track 14 (MIDI CC/OSC only)
Main	132	Track: Set volume for track 15 (MIDI CC/OSC only)
Main	133	Track: Set pan for track 15 (MIDI CC/OSC only)
Main	134	Track: Toggle mute for track 15
Main	135	Track: Toggle solo for track 15
Main	136	Track: Toggle FX bypass for track 15
Main	137	Track: Toggle record arm for track 15
Main	138	Track: Set mute for track 15 (MIDI CC/OSC only)
Main	139	Track: Set solo for track 15 (MIDI CC/OSC only)
Main	140	Track: Set volume for track 16 (MIDI CC/OSC only)
Main	141	Track: Set pan for track 16 (MIDI CC/OSC only)
Main	142	Track: Toggle mute for track 16
Main	143	Track: Toggle solo for track 16
Main	144	Track: Toggle FX bypass for track 16
Main	145	Track: Toggle record arm for track 16
Main	146	Track: Set mute for track 16 (MIDI CC/OSC only)
Main	147	Track: Set solo for track 16 (MIDI CC/OSC only)
Main	148	Track: Set volume for track 17 (MIDI CC/OSC only)
Main	149	Track: Set pan for track 17 (MIDI CC/OSC only)
Main	150	Track: Toggle mute for track 17
Main	151	Track: Toggle solo for track 17
Main	152	Track: Toggle FX bypass for track 17
Main	153	Track: Toggle record arm for track 17
Main	154	Track: Set mute for track 17 (MIDI CC/OSC only)
Main	155	Track: Set solo for track 17 (MIDI CC/OSC only)
Main	156	Track: Set volume for track 18 (MIDI CC/OSC only)
Main	157	Track: Set pan for track 18 (MIDI CC/OSC only)
Main	158	Track: Toggle mute for track 18
Main	159	Track: Toggle solo for track 18
Main	160	Track: Toggle FX bypass for track 18
Main	161	Track: Toggle record arm for track 18
Main	162	Track: Set mute for track 18 (MIDI CC/OSC only)
Main	163	Track: Set solo for track 18 (MIDI CC/OSC only)
Main	164	Track: Set volume for track 19 (MIDI CC/OSC only)
Main	165	Track: Set pan for track 19 (MIDI CC/OSC only)
Main	166	Track: Toggle mute for track 19
Main	167	Track: Toggle solo for track 19
Main	168	Track: Toggle FX bypass for track 19
Main	169	Track: Toggle record arm for track 19
Main	170	Track: Set mute for track 19 (MIDI CC/OSC only)
Main	171	Track: Set solo for track 19 (MIDI CC/OSC only)
Main	172	Track: Set volume for track 20 (MIDI CC/OSC only)
Main	173	Track: Set pan for track 20 (MIDI CC/OSC only)
Main	174	Track: Toggle mute for track 20
Main	175	Track: Toggle solo for track 20
Main	176	Track: Toggle FX bypass for track 20
Main	177	Track: Toggle record arm for track 20
Main	178	Track: Set mute for track 20 (MIDI CC/OSC only)
Main	179	Track: Set solo for track 20 (MIDI CC/OSC only)
Main	180	Track: Set volume for track 21 (MIDI CC/OSC only)
Main	181	Track: Set pan for track 21 (MIDI CC/OSC only)
Main	182	Track: Toggle mute for track 21
Main	183	Track: Toggle solo for track 21
Main	184	Track: Toggle FX bypass for track 21
Main	185	Track: Toggle record arm for track 21
Main	186	Track: Set mute for track 21 (MIDI CC/OSC only)
Main	187	Track: Set solo for track 21 (MIDI CC/OSC only)
Main	188	Track: Set volume for track 22 (MIDI CC/OSC only)
Main	189	Track: Set pan for track 22 (MIDI CC/OSC only)
Main	190	Track: Toggle mute for track 22
Main	191	Track: Toggle solo for track 22
Main	192	Track: Toggle FX bypass for track 22
Main	193	Track: Toggle record arm for track 22
Main	194	Track: Set mute for track 22 (MIDI CC/OSC only)
Main	195	Track: Set solo for track 22 (MIDI CC/OSC only)
Main	196	Track: Set volume for track 23 (MIDI CC/OSC only)
Main	197	Track: Set pan for track 23 (MIDI CC/OSC only)
Main	198	Track: Toggle mute for track 23
Main	199	Track: Toggle solo for track 23
Main	200	Track: Toggle FX bypass for track 23
Main	201	Track: Toggle record arm for track 23
Main	202	Track: Set mute for track 23 (MIDI CC/OSC only)
Main	203	Track: Set solo for track 23 (MIDI CC/OSC only)
Main	204	Track: Set volume for track 24 (MIDI CC/OSC only)
Main	205	Track: Set pan for track 24 (MIDI CC/OSC only)
Main	206	Track: Toggle mute for track 24
Main	207	Track: Toggle solo for track 24
Main	208	Track: Toggle FX bypass for track 24
Main	209	Track: Toggle record arm for track 24
Main	210	Track: Set mute for track 24 (MIDI CC/OSC only)
Main	211	Track: Set solo for track 24 (MIDI CC/OSC only)
Main	212	Track: Set volume for track 25 (MIDI CC/OSC only)
Main	213	Track: Set pan for track 25 (MIDI CC/OSC only)
Main	214	Track: Toggle mute for track 25
Main	215	Track: Toggle solo for track 25
Main	216	Track: Toggle FX bypass for track 25
Main	217	Track: Toggle record arm for track 25
Main	218	Track: Set mute for track 25 (MIDI CC/OSC only)
Main	219	Track: Set solo for track 25 (MIDI CC/OSC only)
Main	220	Track: Set volume for track 26 (MIDI CC/OSC only)
Main	221	Track: Set pan for track 26 (MIDI CC/OSC only)
Main	222	Track: Toggle mute for track 26
Main	223	Track: Toggle solo for track 26
Main	224	Track: Toggle FX bypass for track 26
Main	225	Track: Toggle record arm for track 26
Main	226	Track: Set mute for track 26 (MIDI CC/OSC only)
Main	227	Track: Set solo for track 26 (MIDI CC/OSC only)
Main	228	Track: Set volume for track 27 (MIDI CC/OSC only)
Main	229	Track: Set pan for track 27 (MIDI CC/OSC only)
Main	230	Track: Toggle mute for track 27
Main	231	Track: Toggle solo for track 27
Main	232	Track: Toggle FX bypass for track 27
Main	233	Track: Toggle record arm for track 27
Main	234	Track: Set mute for track 27 (MIDI CC/OSC only)
Main	235	Track: Set solo for track 27 (MIDI CC/OSC only)
Main	236	Track: Set volume for track 28 (MIDI CC/OSC only)
Main	237	Track: Set pan for track 28 (MIDI CC/OSC only)
Main	238	Track: Toggle mute for track 28
Main	239	Track: Toggle solo for track 28
Main	240	Track: Toggle FX bypass for track 28
Main	241	Track: Toggle record arm for track 28
Main	242	Track: Set mute for track 28 (MIDI CC/OSC only)
Main	243	Track: Set solo for track 28 (MIDI CC/OSC only)
Main	244	Track: Set volume for track 29 (MIDI CC/OSC only)
Main	245	Track: Set pan for track 29 (MIDI CC/OSC only)
Main	246	Track: Toggle mute for track 29
Main	247	Track: Toggle solo for track 29
Main	248	Track: Toggle FX bypass for track 29
Main	249	Track: Toggle record arm for track 29
Main	250	Track: Set mute for track 29 (MIDI CC/OSC only)
Main	251	Track: Set solo for track 29 (MIDI CC/OSC only)
Main	252	Track: Set volume for track 30 (MIDI CC/OSC only)
Main	253	Track: Set pan for track 30 (MIDI CC/OSC only)
Main	254	Track: Toggle mute for track 30
Main	255	Track: Toggle solo for track 30
Main	256	Track: Toggle FX bypass for track 30
Main	257	Track: Toggle record arm for track 30
Main	258	Track: Set mute for track 30 (MIDI CC/OSC only)
Main	259	Track: Set solo for track 30 (MIDI CC/OSC only)
Main	260	Track: Set volume for track 31 (MIDI CC/OSC only)
Main	261	Track: Set pan for track 31 (MIDI CC/OSC only)
Main	262	Track: Toggle mute for track 31
Main	263	Track: Toggle solo for track 31
Main	264	Track: Toggle FX bypass for track 31
Main	265	Track: Toggle record arm for track 31
Main	266	Track: Set mute for track 31 (MIDI CC/OSC only)
Main	267	Track: Set solo for track 31 (MIDI CC/OSC only)
Main	268	Track: Set volume for track 32 (MIDI CC/OSC only)
Main	269	Track: Set pan for track 32 (MIDI CC/OSC only)
Main	270	Track: Toggle mute for track 32
Main	271	Track: Toggle solo for track 32
Main	272	Track: Toggle FX bypass for track 32
Main	273	Track: Toggle record arm for track 32
Main	274	Track: Set mute for track 32 (MIDI CC/OSC only)
Main	275	Track: Set solo for track 32 (MIDI CC/OSC only)
Main	276	Track: Set volume for track 33 (MIDI CC/OSC only)
Main	277	Track: Set pan for track 33 (MIDI CC/OSC only)
Main	278	Track: Toggle mute for track 33
Main	279	Track: Toggle solo for track 33
Main	280	Track: Toggle FX bypass for track 33
Main	281	Track: Toggle record arm for track 33
Main	282	Track: Set mute for track 33 (MIDI CC/OSC only)
Main	283	Track: Set solo for track 33 (MIDI CC/OSC only)
Main	284	Track: Set volume for track 34 (MIDI CC/OSC only)
Main	285	Track: Set pan for track 34 (MIDI CC/OSC only)
Main	286	Track: Toggle mute for track 34
Main	287	Track: Toggle solo for track 34
Main	288	Track: Toggle FX bypass for track 34
Main	289	Track: Toggle record arm for track 34
Main	290	Track: Set mute for track 34 (MIDI CC/OSC only)
Main	291	Track: Set solo for track 34 (MIDI CC/OSC only)
Main	292	Track: Set volume for track 35 (MIDI CC/OSC only)
Main	293	Track: Set pan for track 35 (MIDI CC/OSC only)
Main	294	Track: Toggle mute for track 35
Main	295	Track: Toggle solo for track 35
Main	296	Track: Toggle FX bypass for track 35
Main	297	Track: Toggle record arm for track 35
Main	298	Track: Set mute for track 35 (MIDI CC/OSC only)
Main	299	Track: Set solo for track 35 (MIDI CC/OSC only)
Main	300	Track: Set volume for track 36 (MIDI CC/OSC only)
Main	301	Track: Set pan for track 36 (MIDI CC/OSC only)
Main	302	Track: Toggle mute for track 36
Main	303	Track: Toggle solo for track 36
Main	304	Track: Toggle FX bypass for track 36
Main	305	Track: Toggle record arm for track 36
Main	306	Track: Set mute for track 36 (MIDI CC/OSC only)
Main	307	Track: Set solo for track 36 (MIDI CC/OSC only)
Main	308	Track: Set volume for track 37 (MIDI CC/OSC only)
Main	309	Track: Set pan for track 37 (MIDI CC/OSC only)
Main	310	Track: Toggle mute for track 37
Main	311	Track: Toggle solo for track 37
Main	312	Track: Toggle FX bypass for track 37
Main	313	Track: Toggle record arm for track 37
Main	314	Track: Set mute for track 37 (MIDI CC/OSC only)
Main	315	Track: Set solo for track 37 (MIDI CC/OSC only)
Main	316	Track: Set volume for track 38 (MIDI CC/OSC only)
Main	317	Track: Set pan for track 38 (MIDI CC/OSC only)
Main	318	Track: Toggle mute for track 38
Main	319	Track: Toggle solo for track 38
Main	320	Track: Toggle FX bypass for track 38
Main	321	Track: Toggle record arm for track 38
Main	322	Track: Set mute for track 38 (MIDI CC/OSC only)
Main	323	Track: Set solo for track 38 (MIDI CC/OSC only)
Main	324	Track: Set volume for track 39 (MIDI CC/OSC only)
Main	325	Track: Set pan for track 39 (MIDI CC/OSC only)
Main	326	Track: Toggle mute for track 39
Main	327	Track: Toggle solo for track 39
Main	328	Track: Toggle FX bypass for track 39
Main	329	Track: Toggle record arm for track 39
Main	330	Track: Set mute for track 39 (MIDI CC/OSC only)
Main	331	Track: Set solo for track 39 (MIDI CC/OSC only)
Main	332	Track: Set volume for track 40 (MIDI CC/OSC only)
Main	333	Track: Set pan for track 40 (MIDI CC/OSC only)
Main	334	Track: Toggle mute for track 40
Main	335	Track: Toggle solo for track 40
Main	336	Track: Toggle FX bypass for track 40
Main	337	Track: Toggle record arm for track 40
Main	338	Track: Set mute for track 40 (MIDI CC/OSC only)
Main	339	Track: Set solo for track 40 (MIDI CC/OSC only)
Main	340	Track: Set volume for track 41 (MIDI CC/OSC only)
Main	341	Track: Set pan for track 41 (MIDI CC/OSC only)
Main	342	Track: Toggle mute for track 41
Main	343	Track: Toggle solo for track 41
Main	344	Track: Toggle FX bypass for track 41
Main	345	Track: Toggle record arm for track 41
Main	346	Track: Set mute for track 41 (MIDI CC/OSC only)
Main	347	Track: Set solo for track 41 (MIDI CC/OSC only)
Main	348	Track: Set volume for track 42 (MIDI CC/OSC only)
Main	349	Track: Set pan for track 42 (MIDI CC/OSC only)
Main	350	Track: Toggle mute for track 42
Main	351	Track: Toggle solo for track 42
Main	352	Track: Toggle FX bypass for track 42
Main	353	Track: Toggle record arm for track 42
Main	354	Track: Set mute for track 42 (MIDI CC/OSC only)
Main	355	Track: Set solo for track 42 (MIDI CC/OSC only)
Main	356	Track: Set volume for track 43 (MIDI CC/OSC only)
Main	357	Track: Set pan for track 43 (MIDI CC/OSC only)
Main	358	Track: Toggle mute for track 43
Main	359	Track: Toggle solo for track 43
Main	360	Track: Toggle FX bypass for track 43
Main	361	Track: Toggle record arm for track 43
Main	362	Track: Set mute for track 43 (MIDI CC/OSC only)
Main	363	Track: Set solo for track 43 (MIDI CC/OSC only)
Main	364	Track: Set volume for track 44 (MIDI CC/OSC only)
Main	365	Track: Set pan for track 44 (MIDI CC/OSC only)
Main	366	Track: Toggle mute for track 44
Main	367	Track: Toggle solo for track 44
Main	368	Track: Toggle FX bypass for track 44
Main	369	Track: Toggle record arm for track 44
Main	370	Track: Set mute for track 44 (MIDI CC/OSC only)
Main	371	Track: Set solo for track 44 (MIDI CC/OSC only)
Main	372	Track: Set volume for track 45 (MIDI CC/OSC only)
Main	373	Track: Set pan for track 45 (MIDI CC/OSC only)
Main	374	Track: Toggle mute for track 45
Main	375	Track: Toggle solo for track 45
Main	376	Track: Toggle FX bypass for track 45
Main	377	Track: Toggle record arm for track 45
Main	378	Track: Set mute for track 45 (MIDI CC/OSC only)
Main	379	Track: Set solo for track 45 (MIDI CC/OSC only)
Main	380	Track: Set volume for track 46 (MIDI CC/OSC only)
Main	381	Track: Set pan for track 46 (MIDI CC/OSC only)
Main	382	Track: Toggle mute for track 46
Main	383	Track: Toggle solo for track 46
Main	384	Track: Toggle FX bypass for track 46
Main	385	Track: Toggle record arm for track 46
Main	386	Track: Set mute for track 46 (MIDI CC/OSC only)
Main	387	Track: Set solo for track 46 (MIDI CC/OSC only)
Main	388	Track: Set volume for track 47 (MIDI CC/OSC only)
Main	389	Track: Set pan for track 47 (MIDI CC/OSC only)
Main	390	Track: Toggle mute for track 47
Main	391	Track: Toggle solo for track 47
Main	392	Track: Toggle FX bypass for track 47
Main	393	Track: Toggle record arm for track 47
Main	394	Track: Set mute for track 47 (MIDI CC/OSC only)
Main	395	Track: Set solo for track 47 (MIDI CC/OSC only)
Main	396	Track: Set volume for track 48 (MIDI CC/OSC only)
Main	397	Track: Set pan for track 48 (MIDI CC/OSC only)
Main	398	Track: Toggle mute for track 48
Main	399	Track: Toggle solo for track 48
Main	400	Track: Toggle FX bypass for track 48
Main	401	Track: Toggle record arm for track 48
Main	402	Track: Set mute for track 48 (MIDI CC/OSC only)
Main	403	Track: Set solo for track 48 (MIDI CC/OSC only)
Main	404	Track: Set volume for track 49 (MIDI CC/OSC only)
Main	405	Track: Set pan for track 49 (MIDI CC/OSC only)
Main	406	Track: Toggle mute for track 49
Main	407	Track: Toggle solo for track 49
Main	408	Track: Toggle FX bypass for track 49
Main	409	Track: Toggle record arm for track 49
Main	410	Track: Set mute for track 49 (MIDI CC/OSC only)
Main	411	Track: Set solo for track 49 (MIDI CC/OSC only)
Main	412	Track: Set volume for track 50 (MIDI CC/OSC only)
Main	413	Track: Set pan for track 50 (MIDI CC/OSC only)
Main	414	Track: Toggle mute for track 50
Main	415	Track: Toggle solo for track 50
Main	416	Track: Toggle FX bypass for track 50
Main	417	Track: Toggle record arm for track 50
Main	418	Track: Set mute for track 50 (MIDI CC/OSC only)
Main	419	Track: Set solo for track 50 (MIDI CC/OSC only)
Main	420	Track: Set volume for track 51 (MIDI CC/OSC only)
Main	421	Track: Set pan for track 51 (MIDI CC/OSC only)
Main	422	Track: Toggle mute for track 51
Main	423	Track: Toggle solo for track 51
Main	424	Track: Toggle FX bypass for track 51
Main	425	Track: Toggle record arm for track 51
Main	426	Track: Set mute for track 51 (MIDI CC/OSC only)
Main	427	Track: Set solo for track 51 (MIDI CC/OSC only)
Main	428	Track: Set volume for track 52 (MIDI CC/OSC only)
Main	429	Track: Set pan for track 52 (MIDI CC/OSC only)
Main	430	Track: Toggle mute for track 52
Main	431	Track: Toggle solo for track 52
Main	432	Track: Toggle FX bypass for track 52
Main	433	Track: Toggle record arm for track 52
Main	434	Track: Set mute for track 52 (MIDI CC/OSC only)
Main	435	Track: Set solo for track 52 (MIDI CC/OSC only)
Main	436	Track: Set volume for track 53 (MIDI CC/OSC only)
Main	437	Track: Set pan for track 53 (MIDI CC/OSC only)
Main	438	Track: Toggle mute for track 53
Main	439	Track: Toggle solo for track 53
Main	440	Track: Toggle FX bypass for track 53
Main	441	Track: Toggle record arm for track 53
Main	442	Track: Set mute for track 53 (MIDI CC/OSC only)
Main	443	Track: Set solo for track 53 (MIDI CC/OSC only)
Main	444	Track: Set volume for track 54 (MIDI CC/OSC only)
Main	445	Track: Set pan for track 54 (MIDI CC/OSC only)
Main	446	Track: Toggle mute for track 54
Main	447	Track: Toggle solo for track 54
Main	448	Track: Toggle FX bypass for track 54
Main	449	Track: Toggle record arm for track 54
Main	450	Track: Set mute for track 54 (MIDI CC/OSC only)
Main	451	Track: Set solo for track 54 (MIDI CC/OSC only)
Main	452	Track: Set volume for track 55 (MIDI CC/OSC only)
Main	453	Track: Set pan for track 55 (MIDI CC/OSC only)
Main	454	Track: Toggle mute for track 55
Main	455	Track: Toggle solo for track 55
Main	456	Track: Toggle FX bypass for track 55
Main	457	Track: Toggle record arm for track 55
Main	458	Track: Set mute for track 55 (MIDI CC/OSC only)
Main	459	Track: Set solo for track 55 (MIDI CC/OSC only)
Main	460	Track: Set volume for track 56 (MIDI CC/OSC only)
Main	461	Track: Set pan for track 56 (MIDI CC/OSC only)
Main	462	Track: Toggle mute for track 56
Main	463	Track: Toggle solo for track 56
Main	464	Track: Toggle FX bypass for track 56
Main	465	Track: Toggle record arm for track 56
Main	466	Track: Set mute for track 56 (MIDI CC/OSC only)
Main	467	Track: Set solo for track 56 (MIDI CC/OSC only)
Main	468	Track: Set volume for track 57 (MIDI CC/OSC only)
Main	469	Track: Set pan for track 57 (MIDI CC/OSC only)
Main	470	Track: Toggle mute for track 57
Main	471	Track: Toggle solo for track 57
Main	472	Track: Toggle FX bypass for track 57
Main	473	Track: Toggle record arm for track 57
Main	474	Track: Set mute for track 57 (MIDI CC/OSC only)
Main	475	Track: Set solo for track 57 (MIDI CC/OSC only)
Main	476	Track: Set volume for track 58 (MIDI CC/OSC only)
Main	477	Track: Set pan for track 58 (MIDI CC/OSC only)
Main	478	Track: Toggle mute for track 58
Main	479	Track: Toggle solo for track 58
Main	480	Track: Toggle FX bypass for track 58
Main	481	Track: Toggle record arm for track 58
Main	482	Track: Set mute for track 58 (MIDI CC/OSC only)
Main	483	Track: Set solo for track 58 (MIDI CC/OSC only)
Main	484	Track: Set volume for track 59 (MIDI CC/OSC only)
Main	485	Track: Set pan for track 59 (MIDI CC/OSC only)
Main	486	Track: Toggle mute for track 59
Main	487	Track: Toggle solo for track 59
Main	488	Track: Toggle FX bypass for track 59
Main	489	Track: Toggle record arm for track 59
Main	490	Track: Set mute for track 59 (MIDI CC/OSC only)
Main	491	Track: Set solo for track 59 (MIDI CC/OSC only)
Main	492	Track: Set volume for track 60 (MIDI CC/OSC only)
Main	493	Track: Set pan for track 60 (MIDI CC/OSC only)
Main	494	Track: Toggle mute for track 60
Main	495	Track: Toggle solo for track 60
Main	496	Track: Toggle FX bypass for track 60
Main	497	Track: Toggle record arm for track 60
Main	498	Track: Set mute for track 60 (MIDI CC/OSC only)
Main	499	Track: Set solo for track 60 (MIDI CC/OSC only)
Main	500	Track: Set volume for track 61 (MIDI CC/OSC only)
Main	501	Track: Set pan for track 61 (MIDI CC/OSC only)
Main	502	Track: Toggle mute for track 61
Main	503	Track: Toggle solo for track 61
Main	504	Track: Toggle FX bypass for track 61
Main	505	Track: Toggle record arm for track 61
Main	506	Track: Set mute for track 61 (MIDI CC/OSC only)
Main	507	Track: Set solo for track 61 (MIDI CC/OSC only)
Main	508	Track: Set volume for track 62 (MIDI CC/OSC only)
Main	509	Track: Set pan for track 62 (MIDI CC/OSC only)
Main	510	Track: Toggle mute for track 62
Main	511	Track: Toggle solo for track 62
Main	512	Track: Toggle FX bypass for track 62
Main	513	Track: Toggle record arm for track 62
Main	514	Track: Set mute for track 62 (MIDI CC/OSC only)
Main	515	Track: Set solo for track 62 (MIDI CC/OSC only)
Main	516	Track: Set volume for track 63 (MIDI CC/OSC only)
Main	517	Track: Set pan for track 63 (MIDI CC/OSC only)
Main	518	Track: Toggle mute for track 63
Main	519	Track: Toggle solo for track 63
Main	520	Track: Toggle FX bypass for track 63
Main	521	Track: Toggle record arm for track 63
Main	522	Track: Set mute for track 63 (MIDI CC/OSC only)
Main	523	Track: Set solo for track 63 (MIDI CC/OSC only)
Main	524	Track: Set volume for track 64 (MIDI CC/OSC only)
Main	525	Track: Set pan for track 64 (MIDI CC/OSC only)
Main	526	Track: Toggle mute for track 64
Main	527	Track: Toggle solo for track 64
Main	528	Track: Toggle FX bypass for track 64
Main	529	Track: Toggle record arm for track 64
Main	530	Track: Set mute for track 64 (MIDI CC/OSC only)
Main	531	Track: Set solo for track 64 (MIDI CC/OSC only)
Main	532	Track: Set volume for track 65 (MIDI CC/OSC only)
Main	533	Track: Set pan for track 65 (MIDI CC/OSC only)
Main	534	Track: Toggle mute for track 65
Main	535	Track: Toggle solo for track 65
Main	536	Track: Toggle FX bypass for track 65
Main	537	Track: Toggle record arm for track 65
Main	538	Track: Set mute for track 65 (MIDI CC/OSC only)
Main	539	Track: Set solo for track 65 (MIDI CC/OSC only)
Main	540	Track: Set volume for track 66 (MIDI CC/OSC only)
Main	541	Track: Set pan for track 66 (MIDI CC/OSC only)
Main	542	Track: Toggle mute for track 66
Main	543	Track: Toggle solo for track 66
Main	544	Track: Toggle FX bypass for track 66
Main	545	Track: Toggle record arm for track 66
Main	546	Track: Set mute for track 66 (MIDI CC/OSC only)
Main	547	Track: Set solo for track 66 (MIDI CC/OSC only)
Main	548	Track: Set volume for track 67 (MIDI CC/OSC only)
Main	549	Track: Set pan for track 67 (MIDI CC/OSC only)
Main	550	Track: Toggle mute for track 67
Main	551	Track: Toggle solo for track 67
Main	552	Track: Toggle FX bypass for track 67
Main	553	Track: Toggle record arm for track 67
Main	554	Track: Set mute for track 67 (MIDI CC/OSC only)
Main	555	Track: Set solo for track 67 (MIDI CC/OSC only)
Main	556	Track: Set volume for track 68 (MIDI CC/OSC only)
Main	557	Track: Set pan for track 68 (MIDI CC/OSC only)
Main	558	Track: Toggle mute for track 68
Main	559	Track: Toggle solo for track 68
Main	560	Track: Toggle FX bypass for track 68
Main	561	Track: Toggle record arm for track 68
Main	562	Track: Set mute for track 68 (MIDI CC/OSC only)
Main	563	Track: Set solo for track 68 (MIDI CC/OSC only)
Main	564	Track: Set volume for track 69 (MIDI CC/OSC only)
Main	565	Track: Set pan for track 69 (MIDI CC/OSC only)
Main	566	Track: Toggle mute for track 69
Main	567	Track: Toggle solo for track 69
Main	568	Track: Toggle FX bypass for track 69
Main	569	Track: Toggle record arm for track 69
Main	570	Track: Set mute for track 69 (MIDI CC/OSC only)
Main	571	Track: Set solo for track 69 (MIDI CC/OSC only)
Main	572	Track: Set volume for track 70 (MIDI CC/OSC only)
Main	573	Track: Set pan for track 70 (MIDI CC/OSC only)
Main	574	Track: Toggle mute for track 70
Main	575	Track: Toggle solo for track 70
Main	576	Track: Toggle FX bypass for track 70
Main	577	Track: Toggle record arm for track 70
Main	578	Track: Set mute for track 70 (MIDI CC/OSC only)
Main	579	Track: Set solo for track 70 (MIDI CC/OSC only)
Main	580	Track: Set volume for track 71 (MIDI CC/OSC only)
Main	581	Track: Set pan for track 71 (MIDI CC/OSC only)
Main	582	Track: Toggle mute for track 71
Main	583	Track: Toggle solo for track 71
Main	584	Track: Toggle FX bypass for track 71
Main	585	Track: Toggle record arm for track 71
Main	586	Track: Set mute for track 71 (MIDI CC/OSC only)
Main	587	Track: Set solo for track 71 (MIDI CC/OSC only)
Main	588	Track: Set volume for track 72 (MIDI CC/OSC only)
Main	589	Track: Set pan for track 72 (MIDI CC/OSC only)
Main	590	Track: Toggle mute for track 72
Main	591	Track: Toggle solo for track 72
Main	592	Track: Toggle FX bypass for track 72
Main	593	Track: Toggle record arm for track 72
Main	594	Track: Set mute for track 72 (MIDI CC/OSC only)
Main	595	Track: Set solo for track 72 (MIDI CC/OSC only)
Main	596	Track: Set volume for track 73 (MIDI CC/OSC only)
Main	597	Track: Set pan for track 73 (MIDI CC/OSC only)
Main	598	Track: Toggle mute for track 73
Main	599	Track: Toggle solo for track 73
Main	600	Track: Toggle FX bypass for track 73
Main	601	Track: Toggle record arm for track 73
Main	602	Track: Set mute for track 73 (MIDI CC/OSC only)
Main	603	Track: Set solo for track 73 (MIDI CC/OSC only)
Main	604	Track: Set volume for track 74 (MIDI CC/OSC only)
Main	605	Track: Set pan for track 74 (MIDI CC/OSC only)
Main	606	Track: Toggle mute for track 74
Main	607	Track: Toggle solo for track 74
Main	608	Track: Toggle FX bypass for track 74
Main	609	Track: Toggle record arm for track 74
Main	610	Track: Set mute for track 74 (MIDI CC/OSC only)
Main	611	Track: Set solo for track 74 (MIDI CC/OSC only)
Main	612	Track: Set volume for track 75 (MIDI CC/OSC only)
Main	613	Track: Set pan for track 75 (MIDI CC/OSC only)
Main	614	Track: Toggle mute for track 75
Main	615	Track: Toggle solo for track 75
Main	616	Track: Toggle FX bypass for track 75
Main	617	Track: Toggle record arm for track 75
Main	618	Track: Set mute for track 75 (MIDI CC/OSC only)
Main	619	Track: Set solo for track 75 (MIDI CC/OSC only)
Main	620	Track: Set volume for track 76 (MIDI CC/OSC only)
Main	621	Track: Set pan for track 76 (MIDI CC/OSC only)
Main	622	Track: Toggle mute for track 76
Main	623	Track: Toggle solo for track 76
Main	624	Track: Toggle FX bypass for track 76
Main	625	Track: Toggle record arm for track 76
Main	626	Track: Set mute for track 76 (MIDI CC/OSC only)
Main	627	Track: Set solo for track 76 (MIDI CC/OSC only)
Main	628	Track: Set volume for track 77 (MIDI CC/OSC only)
Main	629	Track: Set pan for track 77 (MIDI CC/OSC only)
Main	630	Track: Toggle mute for track 77
Main	631	Track: Toggle solo for track 77
Main	632	Track: Toggle FX bypass for track 77
Main	633	Track: Toggle record arm for track 77
Main	634	Track: Set mute for track 77 (MIDI CC/OSC only)
Main	635	Track: Set solo for track 77 (MIDI CC/OSC only)
Main	636	Track: Set volume for track 78 (MIDI CC/OSC only)
Main	637	Track: Set pan for track 78 (MIDI CC/OSC only)
Main	638	Track: Toggle mute for track 78
Main	639	Track: Toggle solo for track 78
Main	640	Track: Toggle FX bypass for track 78
Main	641	Track: Toggle record arm for track 78
Main	642	Track: Set mute for track 78 (MIDI CC/OSC only)
Main	643	Track: Set solo for track 78 (MIDI CC/OSC only)
Main	644	Track: Set volume for track 79 (MIDI CC/OSC only)
Main	645	Track: Set pan for track 79 (MIDI CC/OSC only)
Main	646	Track: Toggle mute for track 79
Main	647	Track: Toggle solo for track 79
Main	648	Track: Toggle FX bypass for track 79
Main	649	Track: Toggle record arm for track 79
Main	650	Track: Set mute for track 79 (MIDI CC/OSC only)
Main	651	Track: Set solo for track 79 (MIDI CC/OSC only)
Main	652	Track: Set volume for track 80 (MIDI CC/OSC only)
Main	653	Track: Set pan for track 80 (MIDI CC/OSC only)
Main	654	Track: Toggle mute for track 80
Main	655	Track: Toggle solo for track 80
Main	656	Track: Toggle FX bypass for track 80
Main	657	Track: Toggle record arm for track 80
Main	658	Track: Set mute for track 80 (MIDI CC/OSC only)
Main	659	Track: Set solo for track 80 (MIDI CC/OSC only)
Main	660	Track: Set volume for track 81 (MIDI CC/OSC only)
Main	661	Track: Set pan for track 81 (MIDI CC/OSC only)
Main	662	Track: Toggle mute for track 81
Main	663	Track: Toggle solo for track 81
Main	664	Track: Toggle FX bypass for track 81
Main	665	Track: Toggle record arm for track 81
Main	666	Track: Set mute for track 81 (MIDI CC/OSC only)
Main	667	Track: Set solo for track 81 (MIDI CC/OSC only)
Main	668	Track: Set volume for track 82 (MIDI CC/OSC only)
Main	669	Track: Set pan for track 82 (MIDI CC/OSC only)
Main	670	Track: Toggle mute for track 82
Main	671	Track: Toggle solo for track 82
Main	672	Track: Toggle FX bypass for track 82
Main	673	Track: Toggle record arm for track 82
Main	674	Track: Set mute for track 82 (MIDI CC/OSC only)
Main	675	Track: Set solo for track 82 (MIDI CC/OSC only)
Main	676	Track: Set volume for track 83 (MIDI CC/OSC only)
Main	677	Track: Set pan for track 83 (MIDI CC/OSC only)
Main	678	Track: Toggle mute for track 83
Main	679	Track: Toggle solo for track 83
Main	680	Track: Toggle FX bypass for track 83
Main	681	Track: Toggle record arm for track 83
Main	682	Track: Set mute for track 83 (MIDI CC/OSC only)
Main	683	Track: Set solo for track 83 (MIDI CC/OSC only)
Main	684	Track: Set volume for track 84 (MIDI CC/OSC only)
Main	685	Track: Set pan for track 84 (MIDI CC/OSC only)
Main	686	Track: Toggle mute for track 84
Main	687	Track: Toggle solo for track 84
Main	688	Track: Toggle FX bypass for track 84
Main	689	Track: Toggle record arm for track 84
Main	690	Track: Set mute for track 84 (MIDI CC/OSC only)
Main	691	Track: Set solo for track 84 (MIDI CC/OSC only)
Main	692	Track: Set volume for track 85 (MIDI CC/OSC only)
Main	693	Track: Set pan for track 85 (MIDI CC/OSC only)
Main	694	Track: Toggle mute for track 85
Main	695	Track: Toggle solo for track 85
Main	696	Track: Toggle FX bypass for track 85
Main	697	Track: Toggle record arm for track 85
Main	698	Track: Set mute for track 85 (MIDI CC/OSC only)
Main	699	Track: Set solo for track 85 (MIDI CC/OSC only)
Main	700	Track: Set volume for track 86 (MIDI CC/OSC only)
Main	701	Track: Set pan for track 86 (MIDI CC/OSC only)
Main	702	Track: Toggle mute for track 86
Main	703	Track: Toggle solo for track 86
Main	704	Track: Toggle FX bypass for track 86
Main	705	Track: Toggle record arm for track 86
Main	706	Track: Set mute for track 86 (MIDI CC/OSC only)
Main	707	Track: Set solo for track 86 (MIDI CC/OSC only)
Main	708	Track: Set volume for track 87 (MIDI CC/OSC only)
Main	709	Track: Set pan for track 87 (MIDI CC/OSC only)
Main	710	Track: Toggle mute for track 87
Main	711	Track: Toggle solo for track 87
Main	712	Track: Toggle FX bypass for track 87
Main	713	Track: Toggle record arm for track 87
Main	714	Track: Set mute for track 87 (MIDI CC/OSC only)
Main	715	Track: Set solo for track 87 (MIDI CC/OSC only)
Main	716	Track: Set volume for track 88 (MIDI CC/OSC only)
Main	717	Track: Set pan for track 88 (MIDI CC/OSC only)
Main	718	Track: Toggle mute for track 88
Main	719	Track: Toggle solo for track 88
Main	720	Track: Toggle FX bypass for track 88
Main	721	Track: Toggle record arm for track 88
Main	722	Track: Set mute for track 88 (MIDI CC/OSC only)
Main	723	Track: Set solo for track 88 (MIDI CC/OSC only)
Main	724	Track: Set volume for track 89 (MIDI CC/OSC only)
Main	725	Track: Set pan for track 89 (MIDI CC/OSC only)
Main	726	Track: Toggle mute for track 89
Main	727	Track: Toggle solo for track 89
Main	728	Track: Toggle FX bypass for track 89
Main	729	Track: Toggle record arm for track 89
Main	730	Track: Set mute for track 89 (MIDI CC/OSC only)
Main	731	Track: Set solo for track 89 (MIDI CC/OSC only)
Main	732	Track: Set volume for track 90 (MIDI CC/OSC only)
Main	733	Track: Set pan for track 90 (MIDI CC/OSC only)
Main	734	Track: Toggle mute for track 90
Main	735	Track: Toggle solo for track 90
Main	736	Track: Toggle FX bypass for track 90
Main	737	Track: Toggle record arm for track 90
Main	738	Track: Set mute for track 90 (MIDI CC/OSC only)
Main	739	Track: Set solo for track 90 (MIDI CC/OSC only)
Main	740	Track: Set volume for track 91 (MIDI CC/OSC only)
Main	741	Track: Set pan for track 91 (MIDI CC/OSC only)
Main	742	Track: Toggle mute for track 91
Main	743	Track: Toggle solo for track 91
Main	744	Track: Toggle FX bypass for track 91
Main	745	Track: Toggle record arm for track 91
Main	746	Track: Set mute for track 91 (MIDI CC/OSC only)
Main	747	Track: Set solo for track 91 (MIDI CC/OSC only)
Main	748	Track: Set volume for track 92 (MIDI CC/OSC only)
Main	749	Track: Set pan for track 92 (MIDI CC/OSC only)
Main	750	Track: Toggle mute for track 92
Main	751	Track: Toggle solo for track 92
Main	752	Track: Toggle FX bypass for track 92
Main	753	Track: Toggle record arm for track 92
Main	754	Track: Set mute for track 92 (MIDI CC/OSC only)
Main	755	Track: Set solo for track 92 (MIDI CC/OSC only)
Main	756	Track: Set volume for track 93 (MIDI CC/OSC only)
Main	757	Track: Set pan for track 93 (MIDI CC/OSC only)
Main	758	Track: Toggle mute for track 93
Main	759	Track: Toggle solo for track 93
Main	760	Track: Toggle FX bypass for track 93
Main	761	Track: Toggle record arm for track 93
Main	762	Track: Set mute for track 93 (MIDI CC/OSC only)
Main	763	Track: Set solo for track 93 (MIDI CC/OSC only)
Main	764	Track: Set volume for track 94 (MIDI CC/OSC only)
Main	765	Track: Set pan for track 94 (MIDI CC/OSC only)
Main	766	Track: Toggle mute for track 94
Main	767	Track: Toggle solo for track 94
Main	768	Track: Toggle FX bypass for track 94
Main	769	Track: Toggle record arm for track 94
Main	770	Track: Set mute for track 94 (MIDI CC/OSC only)
Main	771	Track: Set solo for track 94 (MIDI CC/OSC only)
Main	772	Track: Set volume for track 95 (MIDI CC/OSC only)
Main	773	Track: Set pan for track 95 (MIDI CC/OSC only)
Main	774	Track: Toggle mute for track 95
Main	775	Track: Toggle solo for track 95
Main	776	Track: Toggle FX bypass for track 95
Main	777	Track: Toggle record arm for track 95
Main	778	Track: Set mute for track 95 (MIDI CC/OSC only)
Main	779	Track: Set solo for track 95 (MIDI CC/OSC only)
Main	780	Track: Set volume for track 96 (MIDI CC/OSC only)
Main	781	Track: Set pan for track 96 (MIDI CC/OSC only)
Main	782	Track: Toggle mute for track 96
Main	783	Track: Toggle solo for track 96
Main	784	Track: Toggle FX bypass for track 96
Main	785	Track: Toggle record arm for track 96
Main	786	Track: Set mute for track 96 (MIDI CC/OSC only)
Main	787	Track: Set solo for track 96 (MIDI CC/OSC only)
Main	788	Track: Set volume for track 97 (MIDI CC/OSC only)
Main	789	Track: Set pan for track 97 (MIDI CC/OSC only)
Main	790	Track: Toggle mute for track 97
Main	791	Track: Toggle solo for track 97
Main	792	Track: Toggle FX bypass for track 97
Main	793	Track: Toggle record arm for track 97
Main	794	Track: Set mute for track 97 (MIDI CC/OSC only)
Main	795	Track: Set solo for track 97 (MIDI CC/OSC only)
Main	796	Track: Set volume for track 98 (MIDI CC/OSC only)
Main	797	Track: Set pan for track 98 (MIDI CC/OSC only)
Main	798	Track: Toggle mute for track 98
Main	799	Track: Toggle solo for track 98
Main	800	Track: Toggle FX bypass for track 98
Main	801	Track: Toggle record arm for track 98
Main	802	Track: Set mute for track 98 (MIDI CC/OSC only)
Main	803	Track: Set solo for track 98 (MIDI CC/OSC only)
Main	804	Track: Set volume for track 99 (MIDI CC/OSC only)
Main	805	Track: Set pan for track 99 (MIDI CC/OSC only)
Main	806	Track: Toggle mute for track 99
Main	807	Track: Toggle solo for track 99
Main	808	Track: Toggle FX bypass for track 99
Main	809	Track: Toggle record arm for track 99
Main	810	Track: Set mute for track 99 (MIDI CC/OSC only)
Main	811	Track: Set solo for track 99 (MIDI CC/OSC only)
Main	812	Track: Set volume for last touched track (MIDI CC/OSC only)
Main	813	Track: Set pan for last touched track (MIDI CC/OSC only)
Main	814	Track: Toggle mute for last touched track
Main	815	Track: Toggle solo for last touched track
Main	816	Track: Toggle FX bypass for last touched track
Main	817	Track: Toggle record arm for last touched track
Main	818	Track: Set mute for last touched track (MIDI CC/OSC only)
Main	819	Track: Set solo for last touched track (MIDI CC/OSC only)
Main	901	Adjust track send 1 volume (MIDI CC/OSC only)
Main	902	Adjust track send 2 volume (MIDI CC/OSC only)
Main	903	Adjust track send 3 volume (MIDI CC/OSC only)
Main	904	Adjust track send 4 volume (MIDI CC/OSC only)
Main	905	Adjust track send 5 volume (MIDI CC/OSC only)
Main	906	Adjust track send 6 volume (MIDI CC/OSC only)
Main	907	Adjust track send 7 volume (MIDI CC/OSC only)
Main	908	Adjust track send 8 volume (MIDI CC/OSC only)
Main	911	Adjust track send 1 pan (MIDI CC/OSC only)
Main	912	Adjust track send 2 pan (MIDI CC/OSC only)
Main	913	Adjust track send 3 pan (MIDI CC/OSC only)
Main	914	Adjust track send 4 pan (MIDI CC/OSC only)
Main	915	Adjust track send 5 pan (MIDI CC/OSC only)
Main	916	Adjust track send 6 pan (MIDI CC/OSC only)
Main	917	Adjust track send 7 pan (MIDI CC/OSC only)
Main	918	Adjust track send 8 pan (MIDI CC/OSC only)
Main	950	Adjust track FX parameter 01 (MIDI CC/OSC only)
Main	951	Adjust track FX parameter 02 (MIDI CC/OSC only)
Main	952	Adjust track FX parameter 03 (MIDI CC/OSC only)
Main	953	Adjust track FX parameter 04 (MIDI CC/OSC only)
Main	954	Adjust track FX parameter 05 (MIDI CC/OSC only)
Main	955	Adjust track FX parameter 06 (MIDI CC/OSC only)
Main	956	Adjust track FX parameter 07 (MIDI CC/OSC only)
Main	957	Adjust track FX parameter 08 (MIDI CC/OSC only)
Main	958	Adjust track FX parameter 09 (MIDI CC/OSC only)
Main	959	Adjust track FX parameter 10 (MIDI CC/OSC only)
Main	960	Adjust track FX parameter 11 (MIDI CC/OSC only)
Main	961	Adjust track FX parameter 12 (MIDI CC/OSC only)
Main	962	Adjust track FX parameter 13 (MIDI CC/OSC only)
Main	963	Adjust track FX parameter 14 (MIDI CC/OSC only)
Main	964	Adjust track FX parameter 15 (MIDI CC/OSC only)
Main	965	Adjust track FX parameter 16 (MIDI CC/OSC only)
Main	967	Transient detection sensitivity: Adjust (MIDI CC/mousewheel only)
Main	968	Transient detection threshold: Adjust (MIDI CC/mousewheel only)
Main	969	Grid: Adjust swing grid (MIDI CC/mousewheel only)
Main	970	View: Adjust selected track heights a little bit (MIDI CC relative/mousewheel)
Main	971	View: Adjust selected track heights (MIDI CC/OSC only)
Main	972	View: Adjust selected track heights (MIDI CC relative/mousewheel)
Main	973	Adjust last touched FX parameter (MIDI CC/OSC only)
Main	974	Transport: Scrub/jog fine control (MIDI CC relative only)
Main	975	View: Scroll view horizontally one page reversed (MIDI CC relative/mousewheel)
Main	976	View: Scroll view vertically one page (MIDI CC relative/mousewheel)
Main	977	View: Scroll horizontally reversed (MIDI CC relative/mousewheel)
Main	978	View: Scroll vertically reversed (MIDI CC relative/mousewheel)
Main	979	View: Zoom horizontally reversed (MIDI CC relative/mousewheel)
Main	980	View: Zoom vertically reversed, snap to theme-defined sizes (MIDI CC relative/mousewheel)
Main	981	View: Scroll view horizontally one page (MIDI CC relative/mousewheel)
Main	982	View: Scroll view vertically one page reversed (MIDI CC relative/mousewheel)
Main	983	Set tempo, coarse, latch for fine (MIDI CC/OSC only)
Main	984	Set tempo, coarse (MIDI CC/OSC only)
Main	985	Set tempo, fine (MIDI CC/OSC only)
Main	986	Automation lane: Set active fader (MIDI CC/OSC only)
Main	987	Adjust solo in front dim (MIDI CC/mousewheel only)
Main	988	View: Scroll horizontally (MIDI CC relative/mousewheel)
Main	989	View: Scroll vertically (MIDI CC relative/mousewheel)
Main	990	View: Zoom horizontally (MIDI CC relative/mousewheel)
Main	991	View: Zoom vertically, snap to theme-defined sizes (MIDI CC relative/mousewheel)
Main	992	Transport: Scrub/jog (MIDI CC relative/absolute only)
Main	993	View: Go to track (MIDI CC/OSC only)
Main	994	View: Adjust vertical zoom (MIDI CC/OSC only)
Main	995	View: Adjust vertical scroll (MIDI CC/OSC only)
Main	996	View: Move edit cursor (MIDI CC/OSC only - relative recommended)
Main	997	View: Adjust horizontal scroll (MIDI CC/OSC only - relative recommended)
Main	998	View: Adjust horizontal zoom (MIDI CC/OSC only)
Main	999	Options: Set metronome volume (MIDI CC/OSC only)
Main	1000	View: Zoom vertically (MIDI CC relative/mousewheel)
Main	1001	View: Zoom vertically reversed (MIDI CC relative/mousewheel)
Main	1007	Transport: Play
Main	1008	Transport: Pause
Main	1011	View: Zoom out horizontal
Main	1012	View: Zoom in horizontal
Main	1013	Transport: Record
Main	1016	Transport: Stop
Main	1041	Track: Cycle track folder state
Main	1042	Track: Cycle folder collapsed state
Main	1068	Transport: Toggle repeat
Main	1101	Big clock plus: Extended display (recording pass, markers, etc)...
Main	1134	Transport: Tap tempo
Main	1135	Options: Toggle locking
Main	1155	Options: Cycle ripple editing mode
Main	1156	Options: Toggle item grouping and track media/razor edit grouping
Main	1157	Options: Toggle snapping
Main	1161	Set ripple editing on
Main	1162	Toggle ripple editing on/off
Main	1528	Menu: Customize...
Main	1582	Project bay: Force refresh
Main	2000	Action: Prompt to continue (only valid within custom actions)
Main	2001	Action: Set action loop start (only valid within custom actions)
Main	2002	Action: Prompt to go to action loop start (only valid within custom actions)
Main	2003	Action: Modify MIDI CC/mousewheel: Negative
Main	2004	Action: Modify MIDI CC/mousewheel: 0.5x
Main	2005	Action: Modify MIDI CC/mousewheel: 2x
Main	2006	Action: Modify MIDI CC/mousewheel: +10%
Main	2007	Action: Modify MIDI CC/mousewheel: -10%
Main	2008	Action: Wait 0.1 seconds before next action
Main	2009	Action: Wait 0.5 seconds before next action
Main	2010	Action: Wait 1 second before next action
Main	2011	Action: Wait 5 seconds before next action
Main	2012	Action: Wait 10 seconds before next action
Main	2013	Action: Skip next action if CC parameter <0/mid
Main	2014	Action: Skip next action if CC parameter >0/mid
Main	2015	Action: Skip next action if CC parameter <=0/mid
Main	2016	Action: Skip next action if CC parameter >=0/mid
Main	2017	Action: Skip next action if CC parameter ==0/mid
Main	2018	Action: Skip next action if CC parameter !=0/mid
Main	2019	Action: Arm next action
Main	2020	Action: Disarm action
Main	2021	Action: Toggle arm of next action
Main	2022	Action: Skip next action, set CC parameter to relative +1 if action toggle state enabled, -1 if disabled, 0 if toggle state unavailable.
Main	2023	Action: Skip next action, set CC parameter to relative +1 if action armed, 0 otherwise
Main	2024	Action: Debug MIDI CC/mousewheel value to console
Main	2999	Action: Repeat the most recent action
Main	3000	Action: Repeat the action prior to the most recent action
Main	3002	Action: Momentarily send next action to project tab 1
Main	3003	Action: Momentarily send next action to project tab 2
Main	3004	Action: Momentarily send next action to project tab 3
Main	3005	Action: Momentarily send next action to project tab 4
Main	3006	Action: Momentarily send next action to project tab 5
Main	3007	Action: Momentarily send next action to project tab 6
Main	3008	Action: Momentarily send next action to project tab 7
Main	3009	Action: Momentarily send next action to project tab 8
Main	3010	Action: Momentarily send next action to project tab 9
Main	3011	Action: Momentarily send next action to project tab 10
Main	3032	Action: Momentarily send next action to project tab N
Main	3033	Action: Momentarily send next action to project tab N-1
Main	3034	Action: Momentarily send next action to project tab N-2
Main	3035	Action: Momentarily send next action to project tab N-3
Main	3036	Action: Momentarily send next action to project tab N-4
Main	3037	Action: Momentarily send next action to project tab N-5
Main	3038	Action: Momentarily send next action to project tab N-6
Main	3039	Action: Momentarily send next action to project tab N-7
Main	3040	Action: Momentarily send next action to project tab N-8
Main	3041	Action: Momentarily send next action to project tab N-9
Main	3061	Action: Momentarily send next action to next project tab 1
Main	3062	Action: Momentarily send next action to next project tab 2
Main	3063	Action: Momentarily send next action to next project tab 3
Main	3064	Action: Momentarily send next action to next project tab 4
Main	3065	Action: Momentarily send next action to next project tab 5
Main	3091	Action: Momentarily send next action to previous project tab 1
Main	3092	Action: Momentarily send next action to previous project tab 2
Main	3093	Action: Momentarily send next action to previous project tab 3
Main	3094	Action: Momentarily send next action to previous project tab 4
Main	3095	Action: Momentarily send next action to previous project tab 5
Main	3120	Action: Momentarily send next action to previously active project tab
Main	3121	Project tabs: Switch to previously-active project tab
Main	3122	Project tabs: Switch to project tab 1
Main	3123	Project tabs: Switch to project tab 2
Main	3124	Project tabs: Switch to project tab 3
Main	3125	Project tabs: Switch to project tab 4
Main	3126	Project tabs: Switch to project tab 5
Main	3127	Project tabs: Switch to project tab 6
Main	3128	Project tabs: Switch to project tab 7
Main	3129	Project tabs: Switch to project tab 8
Main	3130	Project tabs: Switch to project tab 9
Main	3131	Project tabs: Switch to project tab 10
Main	3152	Project tabs: Switch to project tab N
Main	3153	Project tabs: Switch to project tab N-1
Main	3154	Project tabs: Switch to project tab N-2
Main	3155	Project tabs: Switch to project tab N-3
Main	3156	Project tabs: Switch to project tab N-4
Main	3157	Project tabs: Switch to project tab N-5
Main	3158	Project tabs: Switch to project tab N-6
Main	3159	Project tabs: Switch to project tab N-7
Main	3160	Project tabs: Switch to project tab N-8
Main	3161	Project tabs: Switch to project tab N-9
Main	3182	Project tabs: Move project tab to position 1
Main	3183	Project tabs: Move project tab to position 2
Main	3184	Project tabs: Move project tab to position 3
Main	3185	Project tabs: Move project tab to position 4
Main	3186	Project tabs: Move project tab to position 5
Main	3187	Project tabs: Move project tab to position 6
Main	3188	Project tabs: Move project tab to position 7
Main	3189	Project tabs: Move project tab to position 8
Main	3190	Project tabs: Move project tab to position 9
Main	3191	Project tabs: Move project tab to position 10
Main	3212	Project tabs: Move project tab to position N
Main	3213	Project tabs: Move project tab to position N-1
Main	3214	Project tabs: Move project tab to position N-2
Main	3215	Project tabs: Move project tab to position N-3
Main	3216	Project tabs: Move project tab to position N-4
Main	3217	Project tabs: Move project tab to position N-5
Main	3218	Project tabs: Move project tab to position N-6
Main	3219	Project tabs: Move project tab to position N-7
Main	3220	Project tabs: Move project tab to position N-8
Main	3221	Project tabs: Move project tab to position N-9
Main	3242	Project tabs: Move project tab left by one
Main	3243	Project tabs: Move project tab right by one
Main	24000	Spectrogram: Adjust brightness (MIDI CC/mousewheel/OSC only)
Main	24001	Spectrogram: Adjust contrast (MIDI CC/mousewheel/OSC only)
Main	24002	Spectrogram: Adjust color curve (MIDI CC/mousewheel/OSC only)
Main	24003	Spectrogram: Adjust frequency log-scaling (MIDI CC/mousewheel/OSC only)
Main	24800	Main action section: Clear any override
Main	24801	Main action section: Set override to default
Main	24802	Main action section: Toggle override to recording
Main	24803	Main action section: Toggle override to alt-1
Main	24804	Main action section: Toggle override to alt-2
Main	24805	Main action section: Toggle override to alt-3
Main	24806	Main action section: Toggle override to alt-4
Main	24807	Main action section: Toggle override to alt-5
Main	24808	Main action section: Toggle override to alt-6
Main	24809	Main action section: Toggle override to alt-7
Main	24810	Main action section: Toggle override to alt-8
Main	24811	Main action section: Toggle override to alt-9
Main	24812	Main action section: Toggle override to alt-10
Main	24813	Main action section: Toggle override to alt-11
Main	24814	Main action section: Toggle override to alt-12
Main	24815	Main action section: Toggle override to alt-13
Main	24816	Main action section: Toggle override to alt-14
Main	24817	Main action section: Toggle override to alt-15
Main	24818	Main action section: Toggle override to alt-16
Main	24851	Main action section: Momentarily set override to default
Main	24852	Main action section: Momentarily set override to recording
Main	24853	Main action section: Momentarily set override to alt-1
Main	24854	Main action section: Momentarily set override to alt-2
Main	24855	Main action section: Momentarily set override to alt-3
Main	24856	Main action section: Momentarily set override to alt-4
Main	24857	Main action section: Momentarily set override to alt-5
Main	24858	Main action section: Momentarily set override to alt-6
Main	24859	Main action section: Momentarily set override to alt-7
Main	24860	Main action section: Momentarily set override to alt-8
Main	24861	Main action section: Momentarily set override to alt-9
Main	24862	Main action section: Momentarily set override to alt-10
Main	24863	Main action section: Momentarily set override to alt-11
Main	24864	Main action section: Momentarily set override to alt-12
Main	24865	Main action section: Momentarily set override to alt-13
Main	24866	Main action section: Momentarily set override to alt-14
Main	24867	Main action section: Momentarily set override to alt-15
Main	24868	Main action section: Momentarily set override to alt-16
Main	30000	Track: Set stereo width (or right channel pan) for selected tracks (MIDI CC/OSC only)
Main	30001	Track: Set stereo width (or right channel pan) for master track (MIDI CC/OSC only)
Main	30002	Track: Set stereo width (or right channel pan) for track 01 (MIDI CC/OSC only)
Main	30003	Track: Set stereo width (or right channel pan) for track 02 (MIDI CC/OSC only)
Main	30004	Track: Set stereo width (or right channel pan) for track 03 (MIDI CC/OSC only)
Main	30005	Track: Set stereo width (or right channel pan) for track 04 (MIDI CC/OSC only)
Main	30006	Track: Set stereo width (or right channel pan) for track 05 (MIDI CC/OSC only)
Main	30007	Track: Set stereo width (or right channel pan) for track 06 (MIDI CC/OSC only)
Main	30008	Track: Set stereo width (or right channel pan) for track 07 (MIDI CC/OSC only)
Main	30009	Track: Set stereo width (or right channel pan) for track 08 (MIDI CC/OSC only)
Main	30010	Track: Set stereo width (or right channel pan) for track 09 (MIDI CC/OSC only)
Main	30011	Track: Set stereo width (or right channel pan) for track 10 (MIDI CC/OSC only)
Main	30012	Track: Set stereo width (or right channel pan) for track 11 (MIDI CC/OSC only)
Main	30013	Track: Set stereo width (or right channel pan) for track 12 (MIDI CC/OSC only)
Main	30014	Track: Set stereo width (or right channel pan) for track 13 (MIDI CC/OSC only)
Main	30015	Track: Set stereo width (or right channel pan) for track 14 (MIDI CC/OSC only)
Main	30016	Track: Set stereo width (or right channel pan) for track 15 (MIDI CC/OSC only)
Main	30017	Track: Set stereo width (or right channel pan) for track 16 (MIDI CC/OSC only)
Main	30018	Track: Set stereo width (or right channel pan) for track 17 (MIDI CC/OSC only)
Main	30019	Track: Set stereo width (or right channel pan) for track 18 (MIDI CC/OSC only)
Main	30020	Track: Set stereo width (or right channel pan) for track 19 (MIDI CC/OSC only)
Main	30021	Track: Set stereo width (or right channel pan) for track 20 (MIDI CC/OSC only)
Main	30022	Track: Set stereo width (or right channel pan) for track 21 (MIDI CC/OSC only)
Main	30023	Track: Set stereo width (or right channel pan) for track 22 (MIDI CC/OSC only)
Main	30024	Track: Set stereo width (or right channel pan) for track 23 (MIDI CC/OSC only)
Main	30025	Track: Set stereo width (or right channel pan) for track 24 (MIDI CC/OSC only)
Main	30026	Track: Set stereo width (or right channel pan) for track 25 (MIDI CC/OSC only)
Main	30027	Track: Set stereo width (or right channel pan) for track 26 (MIDI CC/OSC only)
Main	30028	Track: Set stereo width (or right channel pan) for track 27 (MIDI CC/OSC only)
Main	30029	Track: Set stereo width (or right channel pan) for track 28 (MIDI CC/OSC only)
Main	30030	Track: Set stereo width (or right channel pan) for track 29 (MIDI CC/OSC only)
Main	30031	Track: Set stereo width (or right channel pan) for track 30 (MIDI CC/OSC only)
Main	30032	Track: Set stereo width (or right channel pan) for track 31 (MIDI CC/OSC only)
Main	30033	Track: Set stereo width (or right channel pan) for track 32 (MIDI CC/OSC only)
Main	30034	Track: Set stereo width (or right channel pan) for track 33 (MIDI CC/OSC only)
Main	30035	Track: Set stereo width (or right channel pan) for track 34 (MIDI CC/OSC only)
Main	30036	Track: Set stereo width (or right channel pan) for track 35 (MIDI CC/OSC only)
Main	30037	Track: Set stereo width (or right channel pan) for track 36 (MIDI CC/OSC only)
Main	30038	Track: Set stereo width (or right channel pan) for track 37 (MIDI CC/OSC only)
Main	30039	Track: Set stereo width (or right channel pan) for track 38 (MIDI CC/OSC only)
Main	30040	Track: Set stereo width (or right channel pan) for track 39 (MIDI CC/OSC only)
Main	30041	Track: Set stereo width (or right channel pan) for track 40 (MIDI CC/OSC only)
Main	30042	Track: Set stereo width (or right channel pan) for track 41 (MIDI CC/OSC only)
Main	30043	Track: Set stereo width (or right channel pan) for track 42 (MIDI CC/OSC only)
Main	30044	Track: Set stereo width (or right channel pan) for track 43 (MIDI CC/OSC only)
Main	30045	Track: Set stereo width (or right channel pan) for track 44 (MIDI CC/OSC only)
Main	30046	Track: Set stereo width (or right channel pan) for track 45 (MIDI CC/OSC only)
Main	30047	Track: Set stereo width (or right channel pan) for track 46 (MIDI CC/OSC only)
Main	30048	Track: Set stereo width (or right channel pan) for track 47 (MIDI CC/OSC only)
Main	30049	Track: Set stereo width (or right channel pan) for track 48 (MIDI CC/OSC only)
Main	30050	Track: Set stereo width (or right channel pan) for track 49 (MIDI CC/OSC only)
Main	30051	Track: Set stereo width (or right channel pan) for track 50 (MIDI CC/OSC only)
Main	30052	Track: Set stereo width (or right channel pan) for track 51 (MIDI CC/OSC only)
Main	30053	Track: Set stereo width (or right channel pan) for track 52 (MIDI CC/OSC only)
Main	30054	Track: Set stereo width (or right channel pan) for track 53 (MIDI CC/OSC only)
Main	30055	Track: Set stereo width (or right channel pan) for track 54 (MIDI CC/OSC only)
Main	30056	Track: Set stereo width (or right channel pan) for track 55 (MIDI CC/OSC only)
Main	30057	Track: Set stereo width (or right channel pan) for track 56 (MIDI CC/OSC only)
Main	30058	Track: Set stereo width (or right channel pan) for track 57 (MIDI CC/OSC only)
Main	30059	Track: Set stereo width (or right channel pan) for track 58 (MIDI CC/OSC only)
Main	30060	Track: Set stereo width (or right channel pan) for track 59 (MIDI CC/OSC only)
Main	30061	Track: Set stereo width (or right channel pan) for track 60 (MIDI CC/OSC only)
Main	30062	Track: Set stereo width (or right channel pan) for track 61 (MIDI CC/OSC only)
Main	30063	Track: Set stereo width (or right channel pan) for track 62 (MIDI CC/OSC only)
Main	30064	Track: Set stereo width (or right channel pan) for track 63 (MIDI CC/OSC only)
Main	30065	Track: Set stereo width (or right channel pan) for track 64 (MIDI CC/OSC only)
Main	30066	Track: Set stereo width (or right channel pan) for track 65 (MIDI CC/OSC only)
Main	30067	Track: Set stereo width (or right channel pan) for track 66 (MIDI CC/OSC only)
Main	30068	Track: Set stereo width (or right channel pan) for track 67 (MIDI CC/OSC only)
Main	30069	Track: Set stereo width (or right channel pan) for track 68 (MIDI CC/OSC only)
Main	30070	Track: Set stereo width (or right channel pan) for track 69 (MIDI CC/OSC only)
Main	30071	Track: Set stereo width (or right channel pan) for track 70 (MIDI CC/OSC only)
Main	30072	Track: Set stereo width (or right channel pan) for track 71 (MIDI CC/OSC only)
Main	30073	Track: Set stereo width (or right channel pan) for track 72 (MIDI CC/OSC only)
Main	30074	Track: Set stereo width (or right channel pan) for track 73 (MIDI CC/OSC only)
Main	30075	Track: Set stereo width (or right channel pan) for track 74 (MIDI CC/OSC only)
Main	30076	Track: Set stereo width (or right channel pan) for track 75 (MIDI CC/OSC only)
Main	30077	Track: Set stereo width (or right channel pan) for track 76 (MIDI CC/OSC only)
Main	30078	Track: Set stereo width (or right channel pan) for track 77 (MIDI CC/OSC only)
Main	30079	Track: Set stereo width (or right channel pan) for track 78 (MIDI CC/OSC only)
Main	30080	Track: Set stereo width (or right channel pan) for track 79 (MIDI CC/OSC only)
Main	30081	Track: Set stereo width (or right channel pan) for track 80 (MIDI CC/OSC only)
Main	30082	Track: Set stereo width (or right channel pan) for track 81 (MIDI CC/OSC only)
Main	30083	Track: Set stereo width (or right channel pan) for track 82 (MIDI CC/OSC only)
Main	30084	Track: Set stereo width (or right channel pan) for track 83 (MIDI CC/OSC only)
Main	30085	Track: Set stereo width (or right channel pan) for track 84 (MIDI CC/OSC only)
Main	30086	Track: Set stereo width (or right channel pan) for track 85 (MIDI CC/OSC only)
Main	30087	Track: Set stereo width (or right channel pan) for track 86 (MIDI CC/OSC only)
Main	30088	Track: Set stereo width (or right channel pan) for track 87 (MIDI CC/OSC only)
Main	30089	Track: Set stereo width (or right channel pan) for track 88 (MIDI CC/OSC only)
Main	30090	Track: Set stereo width (or right channel pan) for track 89 (MIDI CC/OSC only)
Main	30091	Track: Set stereo width (or right channel pan) for track 90 (MIDI CC/OSC only)
Main	30092	Track: Set stereo width (or right channel pan) for track 91 (MIDI CC/OSC only)
Main	30093	Track: Set stereo width (or right channel pan) for track 92 (MIDI CC/OSC only)
Main	30094	Track: Set stereo width (or right channel pan) for track 93 (MIDI CC/OSC only)
Main	30095	Track: Set stereo width (or right channel pan) for track 94 (MIDI CC/OSC only)
Main	30096	Track: Set stereo width (or right channel pan) for track 95 (MIDI CC/OSC only)
Main	30097	Track: Set stereo width (or right channel pan) for track 96 (MIDI CC/OSC only)
Main	30098	Track: Set stereo width (or right channel pan) for track 97 (MIDI CC/OSC only)
Main	30099	Track: Set stereo width (or right channel pan) for track 98 (MIDI CC/OSC only)
Main	30100	Track: Set stereo width (or right channel pan) for track 99 (MIDI CC/OSC only)
Main	30101	Track: Set stereo width (or right channel pan) for last touched track (MIDI CC/OSC only)
Main	40000	Track: Pin tracks to top of arrange view
Main	40001	Track: Insert new track
Main	40002	Set project tempo from time selection (detect tempo, align items and loop points to measure start)
Main	40003	Transport: Start/stop recording at next measure
Main	40004	File: Quit REAPER
Main	40005	Track: Remove tracks
Main	40006	Item: Remove items
Main	40007	Help: About REAPER
Main	40008	Track: Pin tracks to top of arrange view, unpin all other tracks (except master)
Main	40009	Item properties: Show media item/take properties
Main	40011	Item properties: Show media item source properties
Main	40012	Item: Split items at edit or play cursor (select right)
Main	40013	Insert click source
Main	40014	Item: Copy loop of selected area of audio items
Main	40015	File: Render project to disk...
Main	40016	Options: Preferences...
Main	40017	File: Save live output to disk (bounce)...
Main	40018	Insert/import media files...
Main	40019	Envelopes: View envelopes for last touched track/item
Main	40020	Time selection: Remove (unselect) time selection and loop points
Main	40021	File: Project settings...
Main	40022	File: Save project as...
Main	40023	File: New project
Main	40024	Show record path in explorer
Main	40025	File: Open project
Main	40026	File: Save project
Main	40027	Show REAPER resource path in explorer
Main	40028	Show secondary record path in explorer
Main	40029	Edit: Undo
Main	40030	Edit: Redo
Main	40031	View: Zoom time selection
Main	40032	Item grouping: Group items
Main	40033	Item grouping: Remove items from group
Main	40034	Item grouping: Select all items in groups
Main	40035	Select all items/tracks/envelope points (depending on focus)
Main	40036	View: Toggle auto-view-scroll during playback
Main	40037	Time selection: Shift left (by time selection length)
Main	40038	Time selection: Shift right (by time selection length)
Main	40039	Time selection: Nudge left
Main	40040	Time selection: Nudge right
Main	40041	Options: Auto-crossfade media items when editing
Main	40042	Transport: Go to start of project
Main	40043	Transport: Go to end of project
Main	40044	Transport: Play/stop
Main	40045	Transport: Start/stop recording at next beat
Main	40046	Transport: Start/stop recording at edit cursor
Main	40047	Peaks: Build any missing peaks
Main	40048	Peaks: Rebuild all peaks
Main	40049	Time selection: Crop project to time selection
Main	40050	Track: Toggle track pre-FX volume envelope active
Main	40051	Track: Toggle track pre-FX pan envelope active
Main	40052	Track: Toggle track volume envelope active
Main	40053	Track: Toggle track pan envelope active
Main	40056	Transport: Start/stop recording at next project marker
Main	40057	Edit: Copy items/tracks/envelope points (depending on focus) ignoring time selection
Main	40058	Item: Paste items/tracks (old-style handling of hidden tracks)
Main	40059	Edit: Cut items/tracks/envelope points (depending on focus) ignoring time selection
Main	40060	Item: Copy selected area of items
Main	40061	Item: Split items at time selection or razor edit
Main	40062	Track: Duplicate tracks
Main	40063	File: Spawn new instance of REAPER
Main	40064	Envelope: Insert new point at current position to all visible track envelopes (do not remove nearby points)
Main	40065	Envelope: Clear or remove envelope
Main	40067	Transport: Start/stop recording after 2 beats
Main	40068	Track lanes: Move items up one lane
Main	40069	View: Jump (go) to time window
Main	40070	Options: Move envelope points with media items
Main	40071	Options: Show snap/grid settings
Main	40072	Edit: Show undo history window
Main	40073	Transport: Play/pause
Main	40075	View: Toggle master track visible
Main	40076	Record: Set record mode to time selection auto-punch
Main	40078	View: Toggle mixer visible
Main	40080	Mixer: Toggle show folder tracks in mixer
Main	40081	Mixer: Toggle folder tracks grouping to left
Main	40082	Mixer: Toggle show normal top level tracks in mixer
Main	40083	Mixer: Toggle docking in docker
Main	40084	Transport: Rewind a little bit
Main	40085	Transport: Fast forward a little bit
Main	40086	Automation: Set all tracks automation mode to read
Main	40087	Automation: Set all tracks automation mode to touch
Main	40088	Automation: Set all tracks automation mode to trim/read
Main	40089	Envelope: Delete all points in time selection
Main	40090	Automation: Set all tracks automation mode to write
Main	40091	Track properties: Show fixed lane buttons
Main	40092	Track properties: Hide fixed lane buttons
Main	40097	Peaks: Remove all peak cache files
Main	40098	File: Clean current project directory...
Main	40099	Audio device configuration...
Main	40100	Item: Set all media offline
Main	40101	Item: Set all media online
Main	40102	Time selection: Move cursor left, creating time selection
Main	40103	Time selection: Move cursor right, creating time selection
Main	40104	View: Move cursor left one pixel
Main	40105	View: Move cursor right one pixel
Main	40106	Envelope: Insert new point at current position (do not remove nearby points)
Main	40107	Track lanes: Move items down one lane
Main	40108	Item properties: Normalize items (each item separately) to +0dB peak
Main	40109	Item: Open items in primary external editor
Main	40110	View: Toggle track zoom to minimum height
Main	40111	View: Zoom in vertical
Main	40112	View: Zoom out vertical
Main	40113	View: Toggle track zoom to maximum height (limit to 100% of arrange view)
Main	40114	Options: Loop recording always adds takes
Main	40115	Track: Nudge track volume up
Main	40116	Track: Nudge track volume down
Main	40117	Item edit: Move items/envelope points up one track/a bit
Main	40118	Item edit: Move items/envelope points down one track/a bit
Main	40119	Item edit: Move items/envelope points right
Main	40120	Item edit: Move items/envelope points left
Main	40121	Item edit: Move items left, preserving timing of contents
Main	40122	Item edit: Move items right, preserving timing of contents
Main	40123	Item edit: Move contents of items left
Main	40124	Item edit: Move contents of items right
Main	40125	Take: Switch items to next take
Main	40126	Take: Switch items to previous take
Main	40129	Take: Delete active take from items
Main	40130	Take: Delete active take from items (prompt to confirm)
Main	40131	Take: Crop to active take in items
Main	40132	Item: Open item copies in primary external editor
Main	40138	View: Scroll view up
Main	40139	View: Scroll view down
Main	40140	View: Scroll view left
Main	40141	View: Scroll view right
Main	40142	Insert empty item
Main	40145	Options: Toggle grid lines
Main	40146	Fixed lane comp area: Split comp area at mouse position ignoring snap
Main	40147	Options: Allow empty slots in TCP/MCP FX lists
Main	40150	View: Go to play cursor/position
Main	40151	View: Go to edit cursor
Main	40152	Envelope: Add/edit envelope point value exactly at cursor
Main	40153	Item: Open in built-in MIDI editor (set default behavior in preferences)
Main	40155	Peaks: Increase peaks display zoom for project
Main	40156	Peaks: Decrease peaks display zoom for project
Main	40157	Markers: Insert marker at current position
Main	40160	Markers: Go to marker 10
Main	40161	Markers: Go to marker 01
Main	40162	Markers: Go to marker 02
Main	40163	Markers: Go to marker 03
Main	40164	Markers: Go to marker 04
Main	40165	Markers: Go to marker 05
Main	40166	Markers: Go to marker 06
Main	40167	Markers: Go to marker 07
Main	40168	Markers: Go to marker 08
Main	40169	Markers: Go to marker 09
Main	40171	Markers: Insert and/or edit marker at current position
Main	40172	Markers: Go to previous marker/project start
Main	40173	Markers: Go to next marker/project end
Main	40174	Markers: Insert region from time selection
Main	40175	Item properties: Toggle mute
Main	40176	Item properties: Set take channel mode to normal
Main	40177	Item properties: Set take channel mode to reverse stereo
Main	40178	Item properties: Set take channel mode to mono (downmix)
Main	40179	Item properties: Set take channel mode to mono (left)
Main	40180	Item properties: Set take channel mode to mono (right)
Main	40181	Item properties: Toggle polarity/phase for active take
Main	40182	Item: Select all items
Main	40183	Item properties: Toggle items/tracks mute (depending on focus)
Main	40184	Remove items/tracks/envelope points (depending on focus) - no prompting
Main	40185	File: Consolidate tracks...
Main	40186	Item: Split items at edit or play cursor (ignore grouping, select right)
Main	40187	Envelope: Set default point shape to linear
Main	40188	Envelope: Set default point shape to square
Main	40189	Envelope: Set shape of selected points to linear
Main	40190	Envelope: Set shape of selected points to square
Main	40195	Project bay: Add comment for items
Main	40196	Item: Split items at play cursor (select right)
Main	40197	Mixer: Toggle tracks with receives in mixer
Main	40198	Mixer: Toggle tracks with receives grouping to left
Main	40199	Mixer: Toggle show tracks in folders in mixer
Main	40200	Time selection: Insert empty space at time selection (moving later items)
Main	40201	Time selection: Remove contents of time selection (moving later items)
Main	40202	Item: Open items in secondary external editor
Main	40203	Item: Open item copies in secondary external editor
Main	40204	Item properties: Pitch item up one semitone
Main	40205	Item properties: Pitch item down one semitone
Main	40206	Item properties: Pitch item up one cent
Main	40207	Item properties: Pitch item down one cent
Main	40208	Insert timecode generator
Main	40209	Item: Apply track/take FX to items
Main	40210	Track: Copy tracks
Main	40211	MIDI: Insert recent retroactively recorded MIDI for armed and selected tracks
Main	40212	MIDI: Insert all available retroactively recorded MIDI for armed and selected tracks
Main	40213	MIDI: Insert all available retroactively recorded MIDI for armed tracks
Main	40214	Insert new MIDI item...
Main	40218	Transient detection threshold: Increase
Main	40219	Transient detection threshold: Decrease
Main	40221	Mixer: Toggle scroll view when tracks activated
Main	40222	Loop points: Set start point
Main	40223	Loop points: Set end point
Main	40224	Take: Explode takes of items across tracks
Main	40225	Item edit: Grow left edge of items
Main	40226	Item edit: Shrink left edge of items
Main	40227	Item edit: Shrink right edge of items
Main	40228	Item edit: Grow right edge of items
Main	40229	Item: Delete takes that are not up-ranked (no confirm)
Main	40230	Move edit cursor to start of current/previous beat
Main	40231	Move edit cursor to start of next beat
Main	40239	Options: Toggle always on top
Main	40240	View: Show performance meter window
Main	40245	Peaks: Build any missing peaks for selected items
Main	40249	Options: Select takes for all selected items when clicking take
Main	40250	Track: Toggle show/hide in mixer
Main	40251	View: Show routing matrix window
Main	40252	Record: Set record mode to normal
Main	40253	Record: Set record mode to selected item auto-punch
Main	40254	Item properties: Normalize items (to loudest item) to +0dB peak
Main	40256	Tempo envelope: Insert tempo/time signature change marker at edit cursor...
Main	40257	Item: Glue items, ignoring time selection, including leading fade-in and trailing fade-out
Main	40258	View: Toggle displaying labels above/within media items
Main	40259	View: Toggle transport visible (Play/Record/Stop...)
Main	40260	Transport: Toggle transport docked to main window
Main	40262	View: Toggle auto-view-scroll while recording
Main	40263	Options: When importing, copy imported media to project media directory
Main	40266	Automation: Set all tracks automation mode to latch
Main	40267	Mixer: Group sends with (before/after) FX inserts
Main	40268	View: Show navigator window
Main	40270	Item: Reverse items to new take
Main	40271	View: Show FX browser window
Main	40276	Options: Move edit cursor to start of time selection, when time selection changes
Main	40277	Options: Show lock settings
Main	40279	View: Show docker
Main	40280	Track: Mute/unmute tracks
Main	40281	Track: Solo/unsolo tracks
Main	40282	Track: Invert track polarity/phase
Main	40283	Track: Nudge track pan left
Main	40284	Track: Nudge track pan right
Main	40285	Track: Go to next track
Main	40286	Track: Go to previous track
Main	40287	Track: Go to next track (leaving other tracks selected)
Main	40288	Track: Go to previous track (leaving other tracks selected)
Main	40289	Item: Unselect (clear selection of) all items
Main	40290	Time selection: Set time selection to items
Main	40291	Track: View FX chain for current/last touched track
Main	40292	Track: View envelopes for current/last touched track
Main	40293	Track: View routing and I/O for current/last touched track
Main	40294	Track: Toggle record arming for current/last touched track
Main	40295	View: Zoom out project
Main	40296	Track: Select all tracks
Main	40297	Track: Unselect (clear selection of) all tracks
Main	40298	Track: Toggle FX bypass for current/last touched track
Main	40299	Item: Move to media source preferred position (BWF start offset)
Main	40300	Options: Move edit cursor to end of recording, when recording ends
Main	40301	View: Scale finder window
Main	40302	Options: Show FX inserts in TCP (when size permits)
Main	40303	Toolbars: Switch to MIDI piano roll toolbar
Main	40304	Markers: Change color for marker near cursor...
Main	40305	Markers: Change color for region near cursor...
Main	40306	Markers: Insert region from time selection and edit...
Main	40307	Item: Cut selected area of items
Main	40308	Help: Mouse modifier keys and action shortcuts
Main	40309	Set ripple editing off
Main	40310	Set ripple editing per-track
Main	40311	Set ripple editing all tracks
Main	40312	Item: Remove selected area of items
Main	40313	View: Attach/unattach docker to/from main window
Main	40315	Item: Auto trim/split items (remove silence)...
Main	40316	Item: Quantize item positions to grid...
Main	40317	Transport: Play (skip time selection)
Main	40318	Item navigation: Move cursor left to edge of item
Main	40319	Item navigation: Move cursor right to edge of item
Main	40320	Time selection: Nudge left edge left
Main	40321	Time selection: Nudge left edge right
Main	40322	Time selection: Nudge right edge left
Main	40323	Time selection: Nudge right edge right
Main	40324	Envelope: Copy points within time selection
Main	40325	Envelope: Cut points within time selection
Main	40326	View: Show region/marker manager window
Main	40327	View: Show track group manager window
Main	40328	Transport: Play/stop (move edit cursor on stop)
Main	40330	Envelope: Select points in time selection
Main	40331	Envelope: Unselect (clear selection of) all points
Main	40332	Envelope: Select all points
Main	40333	Envelope: Delete all selected points
Main	40334	Envelope: Invert selected points
Main	40335	Envelope: Copy selected points
Main	40336	Envelope: Cut selected points
Main	40337	Track: Cut tracks
Main	40338	Create measure from time selection (detect tempo, detect number of measures)
Main	40339	Track: Unmute all tracks
Main	40340	Track: Unsolo all tracks
Main	40341	Track: Mute all tracks
Main	40342	Track: Bypass FX on all tracks
Main	40343	Track: Unbypass FX on all tracks
Main	40344	Track: Toggle FX bypass on all tracks
Main	40345	Send all-notes-off and all-sounds-off to all MIDI outputs/plug-ins
Main	40346	Toggle fullscreen
Main	40348	Markers: Insert region from selected items
Main	40357	Track: Set to custom color...
Main	40358	Track: Set to random colors
Main	40359	Track: Set to default color
Main	40360	Track: Set to one random color
Main	40361	Item: Apply track/take FX to items (mono output)
Main	40362	Item: Glue items, ignoring time selection
Main	40363	Options: Show metronome/pre-roll settings
Main	40364	Options: Toggle metronome
Main	40365	View: Time unit for ruler: Minutes:Seconds
Main	40366	View: Time unit for ruler: Measures.Beats / minutes:Seconds
Main	40367	View: Time unit for ruler: Measures.Beats
Main	40368	View: Time unit for ruler: Seconds
Main	40369	View: Time unit for ruler: Samples
Main	40370	View: Time unit for ruler: Hours:Minutes:Seconds:Frames
Main	40371	Mixer: Toggle show multiple rows when space
Main	40372	Mixer: Toggle show multiple rows even when space to fit tracks in less rows
Main	40375	Item navigation: Move cursor to next transient in items
Main	40376	Item navigation: Move cursor to previous transient in items
Main	40377	View: Show virtual MIDI keyboard
Main	40378	View: Show big clock plus window
Main	40379	Transport: Time unit to ruler
Main	40380	Item properties: Set item timebase to project/track default
Main	40381	Options: Switch to next color theme
Main	40382	Options: Switch to previous color theme
Main	40383	Options: Switch to a random color theme
Main	40389	Mixer: Toggle show master track on right side
Main	40390	Options: Toggle smooth seek (see preferences/Audio/Seeking)
Main	40392	Track: Save tracks as track template...
Main	40393	Markers: Insert region from selected items and edit...
Main	40394	File: Save project as template...
Main	40396	Time selection: Move contents of time selection to edit cursor (moving later items)
Main	40397	Time selection: Copy contents of time selection to edit cursor (moving later items)
Main	40400	Automation: Set track automation mode to trim/read
Main	40401	Automation: Set track automation mode to read
Main	40402	Automation: Set track automation mode to touch
Main	40403	Automation: Set track automation mode to write
Main	40404	Automation: Set track automation mode to latch
Main	40405	Track: Render tracks to stereo post-fader stem tracks (and mute originals)
Main	40406	Track: Toggle track volume envelope visible
Main	40407	Track: Toggle track pan envelope visible
Main	40408	Track: Toggle track pre-FX volume envelope visible
Main	40409	Track: Toggle track pre-FX pan envelope visible
Main	40410	Transport: Time unit: Minutes:Seconds
Main	40411	Transport: Time unit: Measures.Beats
Main	40412	Transport: Time unit: Seconds
Main	40413	Transport: Time unit: Samples
Main	40414	Transport: Time unit: Hours:Minutes:Seconds:Frames
Main	40415	Envelope: Reset selected points to zero/center
Main	40416	Item navigation: Select and move to previous item
Main	40417	Item navigation: Select and move to next item
Main	40418	Item navigation: Select and move to item in previous track
Main	40419	Item navigation: Select and move to item in next track
Main	40420	Markers: Remove all markers from time selection
Main	40421	Item: Select all items in track
Main	40422	View: Show screensets/layouts window
Main	40424	Envelope: Set shape of selected points to slow start/end
Main	40425	Envelope: Set default point shape to slow start/end
Main	40428	Envelope: Set shape of selected points to fast start
Main	40429	Envelope: Set shape of selected points to fast end
Main	40430	Envelope: Set default point shape to fast start
Main	40431	Envelope: Set default point shape to fast end
Main	40433	Item properties: Set item timebase to time
Main	40434	View: Move edit cursor to play cursor
Main	40435	Options: Show all takes (when room)
Main	40436	Item: Apply track/take FX to items (MIDI output)
Main	40437	Item properties: Toggle item play all takes
Main	40438	Take: Implode items across tracks into takes
Main	40439	Item: Set selected media online
Main	40440	Item: Set selected media temporarily offline
Main	40441	Peaks: Rebuild peaks for selected items
Main	40442	Help: Check for new versions
Main	40444	Screenset: Load track view #01
Main	40445	Screenset: Load track view #02
Main	40446	Screenset: Load track view #03
Main	40447	Screenset: Load track view #04
Main	40448	Screenset: Load track view #05
Main	40449	Screenset: Load track view #06
Main	40450	Screenset: Load track view #07
Main	40451	Screenset: Load track view #08
Main	40452	Screenset: Load track view #09
Main	40453	Screenset: Load track view #10
Main	40454	Screenset: Load window set #01
Main	40455	Screenset: Load window set #02
Main	40456	Screenset: Load window set #03
Main	40457	Screenset: Load window set #04
Main	40458	Screenset: Load window set #05
Main	40459	Screenset: Load window set #06
Main	40460	Screenset: Load window set #07
Main	40461	Screenset: Load window set #08
Main	40462	Screenset: Load window set #09
Main	40463	Screenset: Load window set #10
Main	40464	Screenset: Save track view #01
Main	40465	Screenset: Save track view #02
Main	40466	Screenset: Save track view #03
Main	40467	Screenset: Save track view #04
Main	40468	Screenset: Save track view #05
Main	40469	Screenset: Save track view #06
Main	40470	Screenset: Save track view #07
Main	40471	Screenset: Save track view #08
Main	40472	Screenset: Save track view #09
Main	40473	Screenset: Save track view #10
Main	40474	Screenset: Save window set #01
Main	40475	Screenset: Save window set #02
Main	40476	Screenset: Save window set #03
Main	40477	Screenset: Save window set #04
Main	40478	Screenset: Save window set #05
Main	40479	Screenset: Save window set #06
Main	40480	Screenset: Save window set #07
Main	40481	Screenset: Save window set #08
Main	40482	Screenset: Save window set #09
Main	40483	Screenset: Save window set #10
Main	40484	Item properties: Set item timebase to beats (position, length, rate)
Main	40485	Item properties: Set item timebase to beats (position only)
Main	40486	Track properties: Set track timebase to project default
Main	40487	Track properties: Set track timebase to time
Main	40488	Track properties: Set track timebase to beats (position, length, rate)
Main	40489	Track properties: Set track timebase to beats (position only)
Main	40490	Track: Arm all tracks for recording
Main	40491	Track: Unarm all tracks for recording
Main	40492	Track: Set track record monitor to off
Main	40493	Track: Set track record monitor to on
Main	40494	Track: Set track record monitor to auto/tape
Main	40495	Track: Cycle track record monitor
Main	40496	Track: Set track record mode to input
Main	40497	Track: Set track record mode to output (stereo)
Main	40498	Track: Set track record mode to none (monitoring only)
Main	40499	Track: Set track record mode to output (stereo latency compensated)
Main	40500	Track: Set track record mode to MIDI output
Main	40501	Track: Set track record mode to output (mono)
Main	40502	Track: Set track record mode to output (mono latency compensated)
Main	40503	Track: Set track record mode to MIDI overdub
Main	40504	Track: Set track record mode to MIDI replace
Main	40505	Track: Select last touched track
Main	40507	Options: Offset overlapping media items vertically
Main	40508	Item: Trim items to selected area
Main	40509	Item: Fade items in to cursor
Main	40510	Item: Fade items out from cursor
Main	40511	Item: Trim items left of cursor
Main	40512	Item: Trim items right of cursor
Main	40513	View: Move edit cursor to mouse cursor
Main	40514	View: Move edit cursor to mouse cursor (no snapping)
Main	40515	Item properties: Pitch item up one octave
Main	40516	Item properties: Pitch item down one octave
Main	40517	Item properties: Increase item rate by ~6% (one semitone)
Main	40518	Item properties: Decrease item rate by ~6% (one semitone)
Main	40519	Item properties: Increase item rate by ~0.6% (10 cents)
Main	40520	Item properties: Decrease item rate by ~0.6% (10 cents)
Main	40521	Transport: Set playrate to 1.0
Main	40522	Transport: Increase playrate by ~6% (one semitone)
Main	40523	Transport: Decrease playrate by ~6% (one semitone)
Main	40524	Transport: Increase playrate by ~0.6% (10 cents)
Main	40525	Transport: Decrease playrate by ~0.6% (10 cents)
Main	40526	Transport: Apply playrate to current BPM (no reset playrate)
Main	40527	View: Clear all peak indicators
Main	40528	Item: Select item under mouse cursor
Main	40529	Item: Select item under mouse cursor (leaving other items selected)
Main	40530	Item: Toggle selection of item under mouse cursor
Main	40531	Transport: Show playrate control
Main	40532	Transport: Show play state as text
Main	40533	Transport: Center transport controls
Main	40534	Transport: Time unit: Measures.Beats / minutes:Seconds
Main	40535	Track: Set all FX offline for selected tracks
Main	40536	Track: Set all FX online for selected tracks
Main	40537	Track: Render tracks to mono post-fader stem tracks (and mute originals)
Main	40541	Item: Set snap offset to cursor
Main	40542	Item: Set snap offset to nearest grid line
Main	40543	Take: Implode items on same track into takes
Main	40547	Item properties: Loop section of audio item source
Main	40548	Item: Heal splits in items
Main	40549	Mixer: Toggle show FX inserts (when size permits)
Main	40557	Mixer: Toggle show sends (when size permits)
Main	40566	Item properties: Toggle take preserve pitch
Main	40567	Locking: Clear all lock modes
Main	40568	Locking: Set all lock modes
Main	40569	Locking: Enable locking
Main	40570	Locking: Disable locking
Main	40571	Locking: Set time selection locking mode
Main	40572	Locking: Clear time selection locking mode
Main	40573	Locking: Toggle time selection locking mode
Main	40574	Locking: Set full item locking mode
Main	40575	Locking: Clear full item locking mode
Main	40576	Locking: Toggle full item locking mode
Main	40577	Locking: Set left/right item locking mode
Main	40578	Locking: Clear left/right item locking mode
Main	40579	Locking: Toggle left/right item locking mode
Main	40580	Locking: Set up/down item locking mode
Main	40581	Locking: Clear up/down item locking mode
Main	40582	Locking: Toggle up/down item locking mode
Main	40583	Locking: Set track envelope locking mode
Main	40584	Locking: Clear track envelope locking mode
Main	40585	Locking: Toggle track envelope locking mode
Main	40586	Locking: Set region locking mode
Main	40587	Locking: Clear region locking mode
Main	40588	Locking: Toggle region locking mode
Main	40589	Locking: Set marker locking mode
Main	40590	Locking: Clear marker locking mode
Main	40591	Locking: Toggle marker locking mode
Main	40592	Locking: Set time signature marker locking mode
Main	40593	Locking: Clear time signature marker locking mode
Main	40594	Locking: Toggle time signature marker locking mode
Main	40595	Locking: Set item edges locking mode
Main	40596	Locking: Clear item edges locking mode
Main	40597	Locking: Toggle item edges locking mode
Main	40598	Locking: Set item fade/volume handles locking mode
Main	40599	Locking: Clear item fade/volume handles locking mode
Main	40600	Locking: Toggle item fade/volume handles locking mode
Main	40601	Item: Render items to new take (preserve source type)
Main	40602	Performance meter: Reset graph
Main	40603	Take: Paste as takes in items
Main	40604	Track: View track recording settings (MIDI quantize, file format/path) for last touched track
Main	40605	Show action list
Main	40606	Item: Glue items, expanding to time selection if any, including leading fade-in and trailing fade-out
Main	40607	Track: Allow track media buffering
Main	40608	Track: Prevent track media buffering
Main	40609	Track: Allow track anticipative FX
Main	40610	Track: Prevent track anticipative FX
Main	40611	Item: Set item end to cursor
Main	40612	Item: Set item end to source media end
Main	40613	Markers: Delete marker near cursor
Main	40614	Markers: Edit marker near cursor
Main	40615	Markers: Delete region near cursor
Main	40616	Markers: Edit region near cursor
Main	40617	Markers: Delete time signature marker near cursor
Main	40618	Markers: Edit time signature marker near cursor
Main	40619	Show external timecode synchronization settings
Main	40620	Toggle external timecode synchronization
Main	40621	Options: Toggle loop points linked to time selection
Main	40622	Time selection: Move loop points to time selection
Main	40623	Time selection: Move time selection to loop points
Main	40624	Loop points: Remove (unselect) loop points, if not linked to time selection, ignoring lock state
Main	40625	Time selection: Set start point
Main	40626	Time selection: Set end point
Main	40627	Locking: Set loop points locking mode
Main	40628	Locking: Clear loop points locking mode
Main	40629	Locking: Toggle loop points locking mode
Main	40630	Go to start of time selection
Main	40631	Go to end of time selection
Main	40632	Go to start of loop
Main	40633	Go to end of loop
Main	40634	Loop points: Remove (unselect) loop point selection
Main	40635	Time selection: Remove (unselect) time selection
Main	40636	Item properties: Loop item source
Main	40637	Virtual MIDI keyboard: Send all input to VKB
Main	40638	Item: Show FX chain for item take
Main	40639	Take: Duplicate active take
Main	40640	Item: Remove FX for item take
Main	40641	Track properties: Free item positioning
Main	40642	Take: Explode takes of items in place
Main	40643	Take: Explode takes of items in order
Main	40644	Item: Implode items across tracks into items on one track
Main	40645	Item: Auto-reposition items in free item positioning mode
Main	40646	View: Move cursor left to grid division
Main	40647	View: Move cursor right to grid division
Main	40648	Options: Add edge points when moving envelope points with items
Main	40649	Options: Add envelope edge points when ripple editing or inserting time
Main	40650	Options: Reduce envelope data when recording or drawing automation
Main	40651	View: Toggle show/hide item labels
Main	40652	Item properties: Set item rate to 1.0
Main	40653	Item properties: Reset item pitch
Main	40656	Markers: Add/move marker 10 to play/edit cursor
Main	40657	Markers: Add/move marker 1 to play/edit cursor
Main	40658	Markers: Add/move marker 2 to play/edit cursor
Main	40659	Markers: Add/move marker 3 to play/edit cursor
Main	40660	Markers: Add/move marker 4 to play/edit cursor
Main	40661	Markers: Add/move marker 5 to play/edit cursor
Main	40662	Markers: Add/move marker 6 to play/edit cursor
Main	40663	Markers: Add/move marker 7 to play/edit cursor
Main	40664	Markers: Add/move marker 8 to play/edit cursor
Main	40665	Markers: Add/move marker 9 to play/edit cursor
Main	40666	Record: Start new files during recording
Main	40667	Transport: Stop (save all recorded media)
Main	40668	Transport: Stop (DELETE all recorded media)
Main	40669	Record: Remove recorded media not yet in project
Main	40670	Record: Add recorded media to project
Main	40671	Transport: Toggle preserve pitch in audio items when changing master playrate
Main	40672	Transport: Apply playrate to current BPM
Main	40677	Options: Show sends in TCP (when size permits)
Main	40680	Transport: Show time signature
Main	40681	Envelope: Set default point shape to bezier
Main	40683	Envelope: Set shape of selected points to bezier
Main	40684	Convert active take MIDI to in-project MIDI source data
Main	40685	Convert active take MIDI to .mid file reference
Main	40686	MIDI: Insert recent retroactively recorded MIDI for armed tracks
Main	40687	Item properties: Toggle lock
Main	40688	Item properties: Lock
Main	40689	Item properties: Unlock
Main	40690	Theme development: Show theme element finder
Main	40691	View: Toggle show media cues in items
Main	40692	Item: Import item media cues as project markers
Main	40693	Take: Toggle take volume envelope
Main	40694	Take: Toggle take pan envelope
Main	40695	Take: Toggle take mute envelope
Main	40696	Track: Rename last touched track
Main	40697	Remove items/tracks/envelope points (depending on focus)
Main	40698	Edit: Copy items
Main	40699	Edit: Cut items
Main	40701	Insert virtual instrument on new track...
Main	40702	Track: Insert new track at end of track list
Main	40703	View: Show item labels
Main	40704	Item: Set to custom color...
Main	40705	Item: Set to random colors
Main	40706	Item: Set to one random color
Main	40707	Item: Set to default color
Main	40708	View: Hide item labels
Main	40716	View: Toggle show MIDI editor windows
Main	40717	Item: Select all items in current time selection
Main	40718	Item: Select all items on selected tracks in current time selection
Main	40719	Item properties: Mute
Main	40720	Item properties: Unmute
Main	40721	Loop points: Halve loop length
Main	40722	Loop points: Double loop length
Main	40723	View: Expand selected track height, minimize others
Main	40725	Grid: Toggle measure grid
Main	40726	Envelope: Insert 4 envelope points at time selection
Main	40727	View: Minimize all tracks
Main	40728	Track: Solo tracks
Main	40729	Track: Unsolo tracks
Main	40730	Track: Mute tracks
Main	40731	Track: Unmute tracks
Main	40732	Item: Split at media cues
Main	40733	Item: Shrink to first media cue
Main	40734	Item: Shrink to last media cue
Main	40735	Item: Shrink to first and last media cues
Main	40736	Track: Toggle automatic record-arm when track selected
Main	40737	Track: Set automatic record-arm when track selected
Main	40738	Track: Clear automatic record-arm
Main	40740	Track: Set/clear all tracks automatic record-arm
Main	40741	Move edit cursor to next cue in items
Main	40742	Move edit cursor to previous cue in items
Main	40743	Track: Nudge master track volume up
Main	40744	Track: Nudge master track volume down
Main	40745	Options: Solo in front
Main	40746	Item: Split item under mouse cursor (ignore grouping, no change selection)
Main	40748	Item: Split item under mouse cursor (ignore grouping, select right)
Main	40749	Options: Set loop points linked to time selection
Main	40750	Options: Unset loop points linked to time selection
Main	40751	Track properties: Set free item positioning
Main	40752	Track properties: Unset free item positioning/fixed item lanes
Main	40753	Snapping: Disable snap
Main	40754	Snapping: Enable snap
Main	40755	Snapping: Save snap state
Main	40756	Snapping: Restore snap state
Main	40757	Item: Split items at edit cursor (no change selection)
Main	40759	Item: Split items at edit cursor (select right)
Main	40760	Edit: Dynamic split items...
Main	40762	View: Restore next zoom/scroll position
Main	40768	View: Show track grouping matrix window
Main	40769	Unselect (clear selection of) all tracks/items/envelope points
Main	40770	Track: Unset track solo defeat (all tracks)
Main	40771	Track: Toggle all track grouping enabled
Main	40772	Track: Set track grouping parameters...
Main	40773	Item: Create chromatic MIDI from items
Main	40774	Grid: Set to 1/64
Main	40775	Grid: Set to 1/32
Main	40776	Grid: Set to 1/16
Main	40777	Grid: Set to 1/12 (1/8 triplet)
Main	40778	Grid: Set to 1/8
Main	40779	Grid: Set to 1/4
Main	40780	Grid: Set to 1/2
Main	40781	Grid: Set to 1
Main	40782	Grid: Adjust by 1/1.5
Main	40783	Grid: Adjust by 1/2
Main	40784	Grid: Adjust by 1/3
Main	40785	Grid: Adjust by 1.5
Main	40786	Grid: Adjust by 2
Main	40787	Grid: Adjust by 3
Main	40788	Track: Render tracks to stereo stem tracks (and mute originals)
Main	40789	Track: Render tracks to mono stem tracks (and mute originals)
Main	40790	Move edit cursor to previous zero crossing in items
Main	40791	Move edit cursor to next zero crossing in items
Main	40792	Item: Split at previous zero crossing
Main	40793	Item edit: Move items/envelope points left by grid size
Main	40794	Item edit: Move items/envelope points right by grid size
Main	40795	Item properties: Set take preserve pitch
Main	40796	Item properties: Clear take preserve pitch
Main	40797	Item properties: Increase item rate by ~6% (one semitone), clear 'preserve pitch'
Main	40798	Item properties: Decrease item rate by ~6% (one semitone), clear 'preserve pitch'
Main	40799	Item properties: Increase item rate by ~0.6% (10 cents), clear 'preserve pitch'
Main	40800	Item properties: Decrease item rate by ~0.6% (10 cents), clear 'preserve pitch'
Main	40801	Create measure from time selection (new time signature)...
Main	40802	Time selection: Extend time selection to next transient in items
Main	40803	Time selection: Swap left edge of time selection to next transient in items
Main	40804	Group: Select all tracks in group 01
Main	40805	Group: Select all tracks in group 02
Main	40806	Group: Select all tracks in group 03
Main	40807	Group: Select all tracks in group 04
Main	40808	Group: Select all tracks in group 05
Main	40809	Group: Select all tracks in group 06
Main	40810	Group: Select all tracks in group 07
Main	40811	Group: Select all tracks in group 08
Main	40812	Group: Select all tracks in group 09
Main	40813	Group: Select all tracks in group 10
Main	40814	Group: Select all tracks in group 11
Main	40815	Group: Select all tracks in group 12
Main	40816	Group: Select all tracks in group 13
Main	40817	Group: Select all tracks in group 14
Main	40818	Group: Select all tracks in group 15
Main	40819	Group: Select all tracks in group 16
Main	40820	Group: Select all tracks in group 17
Main	40821	Group: Select all tracks in group 18
Main	40822	Group: Select all tracks in group 19
Main	40823	Group: Select all tracks in group 20
Main	40824	Group: Select all tracks in group 21
Main	40825	Group: Select all tracks in group 22
Main	40826	Group: Select all tracks in group 23
Main	40827	Group: Select all tracks in group 24
Main	40828	Group: Select all tracks in group 25
Main	40829	Group: Select all tracks in group 26
Main	40830	Group: Select all tracks in group 27
Main	40831	Group: Select all tracks in group 28
Main	40832	Group: Select all tracks in group 29
Main	40833	Group: Select all tracks in group 30
Main	40834	Group: Select all tracks in group 31
Main	40835	Group: Select all tracks in group 32
Main	40836	Item navigation: Move cursor to nearest transient in items
Main	40837	Move edit cursor to start of next measure (no seek)
Main	40838	Move edit cursor to start of current/previous measure (no seek)
Main	40839	Move edit cursor forward one measure (no seek)
Main	40840	Move edit cursor back one measure (no seek)
Main	40841	Move edit cursor forward one beat (no seek)
Main	40842	Move edit cursor back one beat (no seek)
Main	40843	Set project tempo from time selection (new time signature)...
Main	40844	Track: View input FX chain for current/last touched track
Main	40845	Help: All actions
Main	40846	Track: View FX chain for master track
Main	40847	Item: Open item inline editors
Main	40848	View: Restore previous zoom/scroll position
Main	40849	File: Export project MIDI...
Main	40850	Item: Show notes for items...
Main	40851	Envelope: Toggle display in separate lane for selected envelope
Main	40852	Track: Set track record mode to MIDI touch-replace
Main	40853	Track: Toggle show/hide in TCP
Main	40855	Item: Mute active take of multitake item within time selection
Main	40856	Item: Solo active take of multitake item within time selection
Main	40857	Automation lane: Increase active fader a little bit
Main	40858	Automation lane: Decrease active fader a little bit
Main	40859	New project tab
Main	40860	Close current project tab
Main	40861	Project tabs: Switch to next project tab
Main	40862	Project tabs: Switch to previous project tab
Main	40863	Envelope: Toggle record arm for selected envelope
Main	40866	Track: Toggle track mute envelope active
Main	40867	Track: Toggle track mute envelope visible
Main	40868	Transport: Toggle transport home/end marker navigation
Main	40869	View: Restore previous zoom level
Main	40870	Item properties: Unmute all items
Main	40871	Project tabs: Run background projects
Main	40872	Project tabs: Auto-offline background project media
Main	40873	Project tabs: Run stopped background projects
Main	40874	Project tabs: Always show project tabs
Main	40875	View: Restore next zoom level
Main	40876	Global automation override: No override (set automation modes per track)
Main	40877	Track: Freeze to multichannel (render pre-fader, save/remove items and online FX)
Main	40878	Global automation override: All automation in trim/read mode
Main	40879	Global automation override: All automation in read mode
Main	40880	Global automation override: All automation in touch mode
Main	40881	Global automation override: All automation in latch mode
Main	40882	Global automation override: All automation in write mode
Main	40883	Envelope: Toggle bypass for selected envelope
Main	40884	Envelope: Toggle hide/display selected envelope
Main	40885	Global automation override: Bypass all automation
Main	40886	File: Close all projects
Main	40887	Envelope: Reduce number of points...
Main	40888	Envelope: Show all active envelopes for tracks
Main	40889	Envelope: Hide all envelopes for tracks
Main	40890	Envelope: Toggle show all active envelopes for tracks
Main	40891	Envelope: Toggle display all visible envelopes in lanes for tracks
Main	40892	Track: Render tracks to multichannel post-fader stem tracks (and mute originals)
Main	40893	Track: Render tracks to multichannel stem tracks (and mute originals)
Main	40894	Item: Explode multichannel audio or MIDI to new one-channel items
Main	40895	Track: Set track record mode to output (full multichannel)
Main	40896	Track: Set track record mode to output (full multichannel compensated)
Main	40897	File: Save all projects
Main	40898	Regions/markers: Renumber all regions and markers in timeline order
Main	40899	Track: Set track icon...
Main	40900	Track: Remove track icon
Main	40901	Track: Freeze to mono (render pre-fader, save/remove items and online FX)
Main	40903	Mixer: Toggle show track icons in mixer
Main	40904	Grid: Set framerate grid
Main	40905	Toolbars: Customize...
Main	40906	View: Show track manager window
Main	40907	Track: Insert/show ReaControlMIDI (MIDI track control)
Main	40908	Global automation override: Toggle bypass all automation
Main	40909	Project tabs: Hide all background project windows
Main	40910	Mixer: Toggle show FX parameters (when size permits)
Main	40911	Item: Set focus to item under mouse cursor
Main	40912	Options: Toggle crossfade on split (disregard toolbar auto-crossfade button)
Main	40913	Track: Vertical scroll selected tracks into view
Main	40914	Track: Set first selected track as last touched track
Main	40915	Envelope: Insert new point at current position (remove nearby points)
Main	40916	Item: Crossfade items within time selection
Main	40917	Master track: Toggle stereo/mono (L+R)
Main	40918	Item: Set item mix behavior to enclosed items replace enclosing items
Main	40919	Item: Set item mix behavior to always mix
Main	40920	Item: Explode MIDI note rows (pitch) to new items
Main	40921	Item: Set item mix behavior to always replace
Main	40922	Item: Set item mix behavior to project default
Main	40923	Grid: Set measure grid
Main	40925	Markers: Quantize tempo markers to MIDI resolution
Main	40926	Envelope: Toggle show all active envelopes for all tracks
Main	40927	Options: Enable crossfade on split (disregard toolbar auto-crossfade button)
Main	40928	Options: Disable crossfade on split (disregard toolbar auto-crossfade button)
Main	40929	File: Open render queue
Main	40930	Item: Remove content (trim) behind items
Main	40931	Item: Split items at project markers
Main	40932	Item: Split items at timeline grid
Main	40933	Tempo envelope: Set display range...
Main	40934	Project recording settings
Main	40936	Item properties: Normalize items to +0dB peak (reset to unity if already normalized)
Main	40937	Item properties: Normalize items (to loudest item) to +0dB peak (reset to unity if already normalized)
Main	40938	Item properties: Reset item take gain to +0dB (un-normalize)
Main	40939	Track: Select track 01
Main	40940	Track: Select track 02
Main	40941	Track: Select track 03
Main	40942	Track: Select track 04
Main	40943	Track: Select track 05
Main	40944	Track: Select track 06
Main	40945	Track: Select track 07
Main	40946	Track: Select track 08
Main	40947	Track: Select track 09
Main	40948	Track: Select track 10
Main	40949	Track: Select track 11
Main	40950	Track: Select track 12
Main	40951	Track: Select track 13
Main	40952	Track: Select track 14
Main	40953	Track: Select track 15
Main	40954	Track: Select track 16
Main	40955	Track: Select track 17
Main	40956	Track: Select track 18
Main	40957	Track: Select track 19
Main	40958	Track: Select track 20
Main	40959	Track: Select track 21
Main	40960	Track: Select track 22
Main	40961	Track: Select track 23
Main	40962	Track: Select track 24
Main	40963	Track: Select track 25
Main	40964	Track: Select track 26
Main	40965	Track: Select track 27
Main	40966	Track: Select track 28
Main	40967	Track: Select track 29
Main	40968	Track: Select track 30
Main	40969	Track: Select track 31
Main	40970	Track: Select track 32
Main	40971	Track: Select track 33
Main	40972	Track: Select track 34
Main	40973	Track: Select track 35
Main	40974	Track: Select track 36
Main	40975	Track: Select track 37
Main	40976	Track: Select track 38
Main	40977	Track: Select track 39
Main	40978	Track: Select track 40
Main	40979	Track: Select track 41
Main	40980	Track: Select track 42
Main	40981	Track: Select track 43
Main	40982	Track: Select track 44
Main	40983	Track: Select track 45
Main	40984	Track: Select track 46
Main	40985	Track: Select track 47
Main	40986	Track: Select track 48
Main	40987	Track: Select track 49
Main	40988	Track: Select track 50
Main	40989	Track: Select track 51
Main	40990	Track: Select track 52
Main	40991	Track: Select track 53
Main	40992	Track: Select track 54
Main	40993	Track: Select track 55
Main	40994	Track: Select track 56
Main	40995	Track: Select track 57
Main	40996	Track: Select track 58
Main	40997	Track: Select track 59
Main	40998	Track: Select track 60
Main	40999	Track: Select track 61
Main	41000	Track: Select track 62
Main	41001	Track: Select track 63
Main	41002	Track: Select track 64
Main	41003	Track: Select track 65
Main	41004	Track: Select track 66
Main	41005	Track: Select track 67
Main	41006	Track: Select track 68
Main	41007	Track: Select track 69
Main	41008	Track: Select track 70
Main	41009	Track: Select track 71
Main	41010	Track: Select track 72
Main	41011	Track: Select track 73
Main	41012	Track: Select track 74
Main	41013	Track: Select track 75
Main	41014	Track: Select track 76
Main	41015	Track: Select track 77
Main	41016	Track: Select track 78
Main	41017	Track: Select track 79
Main	41018	Track: Select track 80
Main	41019	Track: Select track 81
Main	41020	Track: Select track 82
Main	41021	Track: Select track 83
Main	41022	Track: Select track 84
Main	41023	Track: Select track 85
Main	41024	Track: Select track 86
Main	41025	Track: Select track 87
Main	41026	Track: Select track 88
Main	41027	Track: Select track 89
Main	41028	Track: Select track 90
Main	41029	Track: Select track 91
Main	41030	Track: Select track 92
Main	41031	Track: Select track 93
Main	41032	Track: Select track 94
Main	41033	Track: Select track 95
Main	41034	Track: Select track 96
Main	41035	Track: Select track 97
Main	41036	Track: Select track 98
Main	41037	Track: Select track 99
Main	41038	Pre-roll: Toggle pre-roll on record [deprecated duplicate]
Main	41039	Loop points: Set loop points to items
Main	41040	Move edit cursor to start of next measure
Main	41041	Move edit cursor to start of current/previous measure
Main	41042	Move edit cursor forward one measure
Main	41043	Move edit cursor back one measure
Main	41044	Move edit cursor forward one beat
Main	41045	Move edit cursor back one beat
Main	41046	Toggle show master tempo envelope
Main	41047	Grid: Set to 1/128
Main	41048	Reset project recording pass counter ($recpass wildcard)
Main	41049	Insert new subproject...
Main	41050	Toggle show master track and tempo envelope
Main	41051	Item properties: Toggle take reverse
Main	41052	Item edit: Enable relative grid snap
Main	41053	Item edit: Disable relative grid snap
Main	41054	Item edit: Toggle relative grid snap
Main	41059	Item: Crossfade any overlapping items
Main	41060	ReaScript: Run ReaScript (EEL2 or Lua)...
Main	41061	ReaScript: Run last ReaScript (EEL2 or Lua)
Main	41062	Project tabs: Play stopped background projects with active project
Main	41063	Project tabs: Synchronize play start times w/ play background projects
Main	41064	[developer] Write C++ API functions header
Main	41065	ReaScript: Open ReaScript documentation (html)...
Main	41067	Track: Insert multiple new tracks...
Main	41069	Item: Move, stretch, and loop items to fit time selection
Main	41070	Reset soft takeover for all MIDI controller assignments
Main	41071	Options: Toggle pooled (ghost) MIDI source data when copying media items
Main	41072	Item: Paste items/tracks, creating pooled (ghost) MIDI items and automation items regardless of preferences/Media/MIDI and preferences/Media/Automation settings
Main	41074	Toggle show all floating windows
Main	41075	[developer] Debug console
Main	41076	File: Batch file converter
Main	41077	Toggle show all floating windows (except mixer)
Main	41078	FX: Auto-float new FX windows
Main	41079	Toggle show all floating windows (except unattached docker)
Main	41080	Toggle show all floating windows (except mixer and unattached docker)
Main	41082	Fixed lane comp area: Move up
Main	41083	Fixed lane comp area: Move down
Main	41084	Toolbar: Show/hide toolbar docker
Main	41085	Toolbar: Press active toolbar button 01
Main	41086	Toolbar: Press active toolbar button 02
Main	41087	Toolbar: Press active toolbar button 03
Main	41088	Toolbar: Press active toolbar button 04
Main	41089	Toolbar: Press active toolbar button 05
Main	41090	Toolbar: Press active toolbar button 06
Main	41091	Toolbar: Press active toolbar button 07
Main	41092	Toolbar: Press active toolbar button 08
Main	41093	Toolbar: Press active toolbar button 09
Main	41094	Toolbar: Press active toolbar button 10
Main	41095	Toolbar: Press active toolbar button 11
Main	41096	Toolbar: Press active toolbar button 12
Main	41097	Toolbar: Press active toolbar button 13
Main	41098	Toolbar: Press active toolbar button 14
Main	41099	Toolbar: Press active toolbar button 15
Main	41100	Toolbar: Press active toolbar button 16
Main	41105	Toolbars: Switch to toolbar 1
Main	41106	Toolbars: Switch to toolbar 2
Main	41107	Toolbars: Switch to toolbar 3
Main	41108	Toolbars: Switch to toolbar 4
Main	41109	Automation: Toggle track between touch and trim/read modes
Main	41110	Track: Select track under mouse
Main	41111	Toolbar: Open toolbar 1 at mouse cursor
Main	41112	Toolbar: Open toolbar 2 at mouse cursor
Main	41113	Toolbar: Open toolbar 3 at mouse cursor
Main	41114	Toolbar: Open toolbar 4 at mouse cursor
Main	41115	Item: Invert selection
Main	41116	Options: Cycle through editing modes: Auto-crossfade off, auto-crossfade on, trim content behind media items
Main	41117	Options: Trim content behind media items when editing
Main	41118	Options: Enable auto-crossfades
Main	41119	Options: Disable auto-crossfades
Main	41120	Options: Enable trim content behind media items when editing
Main	41121	Options: Disable trim content behind media items when editing
Main	41122	Envelope: Increase bezier tension for selected points by 5%
Main	41123	Envelope: Decrease bezier tension for selected points by 5%
Main	41124	Envelope: Increase bezier tension for selected points by 25%
Main	41125	Envelope: Decrease bezier tension for selected points by 25%
Main	41126	Envelope: Insert new point at current position to all visible track envelopes (remove nearby points)
Main	41127	Item: Select next adjacent non-overlapping item
Main	41128	Item: Select previous adjacent non-overlapping item
Main	41129	Tempo: Increase current project tempo 01 BPM
Main	41130	Tempo: Decrease current project tempo 01 BPM
Main	41131	Tempo: Increase current project tempo 10 percent
Main	41132	Tempo: Decrease current project tempo 10 percent
Main	41133	Tempo: Increase current project tempo 100 percent (double)
Main	41134	Tempo: Decrease current project tempo 50 percent (half)
Main	41135	Tempo: Increase current project tempo 10 BPM
Main	41136	Tempo: Decrease current project tempo 10 BPM
Main	41137	Tempo: Increase current project tempo 0.1 BPM
Main	41138	Tempo: Decrease current project tempo 0.1 BPM
Main	41139	Item navigation: Select and move to item in previous track without changing track selection
Main	41140	Item navigation: Select and move to item in next track without changing track selection
Main	41141	FX: Show/hide track control for last touched FX parameter
Main	41142	FX: Show/hide track/take envelope for last touched FX parameter
Main	41143	FX: Show parameter modulation/link for last touched FX parameter
Main	41144	FX: Set MIDI learn for last touched FX parameter
Main	41145	FX: Set alias for last touched FX parameter
Main	41146	Mixer: Toggle autoarrange
Main	41147	Track: Insert new track at end of mixer
Main	41148	Envelope: Show all envelopes for tracks
Main	41149	Envelope: Show all envelopes for all tracks
Main	41150	Envelope: Hide all envelopes for all tracks
Main	41151	Envelope: Toggle show all envelopes for tracks
Main	41152	Envelope: Toggle show all envelopes for all tracks
Main	41153	Mixer: Toggle show icons for the last track in a folder
Main	41154	Mixer: Clickable icon for folder tracks to show/hide children
Main	41155	Reset position (cascade) all floating windows
Main	41156	Options: Selecting one grouped item selects group
Main	41157	View: Show project bay window
Main	41160	Automation: Write current values for all writing envelopes to time selection
Main	41161	Automation: Write current values for all writing envelopes from cursor to start of project
Main	41162	Automation: Write current values for all writing envelopes from cursor to end of project
Main	41163	Automation: Unarm all envelopes
Main	41167	Item navigation: Move cursor left to nearest item edge
Main	41168	Item navigation: Move cursor right to nearest item edge
Main	41171	Minimize REAPER
Main	41172	Dock/undock currently focused dockable window, or attach/unattach focused docker
Main	41173	Item navigation: Move cursor to start of items
Main	41174	Item navigation: Move cursor to end of items
Main	41175	Reset all MIDI devices
Main	41176	Envelopes: Move selected points left a little bit
Main	41177	Envelopes: Move selected points right a little bit
Main	41178	Envelopes: Move selected points left by grid
Main	41179	Envelopes: Move selected points right by grid
Main	41180	Envelopes: Move selected points up a little bit
Main	41181	Envelopes: Move selected points down a little bit
Main	41182	Item: Snap items left
Main	41183	Item: Snap items right
Main	41184	Item: Snap items to nearest snap point
Main	41185	Item properties: Unsolo all
Main	41186	Options: New recording trims existing items (tape mode)
Main	41187	Scrub: Toggle looped-segment scrub at edit cursor
Main	41188	Scrub: Enable looped-segment scrub at edit cursor
Main	41189	Scrub: Disable looped-segment scrub at edit cursor
Main	41190	View: Set horizontal zoom to default project setting
Main	41191	Item: Remove fade in
Main	41192	Item: Remove fade out
Main	41193	Item: Remove fade in and fade out
Main	41194	Item: Toggle enable/disable default fadein/fadeout
Main	41195	Item: Enable default fadein/fadeout
Main	41196	Item: Disable default fadein/fadeout
Main	41197	Track: Set track solo defeat
Main	41198	Track: Unset track solo defeat
Main	41199	Track: Toggle track solo defeat
Main	41204	Fully unload unloaded VSTs
Main	41205	Item edit: Move position of item to edit cursor
Main	41206	Item: Move and stretch items to fit time selection
Main	41207	Render all queued renders
Main	41208	Transient detection sensitivity/threshold: Adjust...
Main	41209	Mixer: Master track visible
Main	41210	Grid: Set to 2
Main	41211	Grid: Set to 4
Main	41212	Grid: Set to 1/48 (1/32 triplet)
Main	41213	Grid: Set to 1/24 (1/16 triplet)
Main	41214	Grid: Set to 1/6 (1/4 triplet)
Main	41215	Tempo envelope: Increase all tempo markers 01 BPM
Main	41216	Tempo envelope: Decrease all tempo markers 01 BPM
Main	41217	Tempo envelope: Increase all tempo markers 0.1 BPM
Main	41218	Tempo envelope: Decrease all tempo markers 0.1 BPM
Main	41219	Tempo envelope: Increase all tempo markers 0.01 BPM
Main	41220	Tempo envelope: Decrease all tempo markers 0.01 BPM
Main	41221	Item: Paste items/tracks at mouse position
Main	41223	Track: Freeze to stereo (render pre-fader, save/remove items and online FX)
Main	41226	Item edit: Nudge/Set...
Main	41227	Item edit: Close nudge/Set dialog
Main	41228	Item edit: Toggle nudge/Set dialog
Main	41229	Selection set: Save set #01
Main	41230	Selection set: Save set #02
Main	41231	Selection set: Save set #03
Main	41232	Selection set: Save set #04
Main	41233	Selection set: Save set #05
Main	41234	Selection set: Save set #06
Main	41235	Selection set: Save set #07
Main	41236	Selection set: Save set #08
Main	41237	Selection set: Save set #09
Main	41238	Selection set: Save set #10
Main	41239	Selection set: Load set #01
Main	41240	Selection set: Load set #02
Main	41241	Selection set: Load set #03
Main	41242	Selection set: Load set #04
Main	41243	Selection set: Load set #05
Main	41244	Selection set: Load set #06
Main	41245	Selection set: Load set #07
Main	41246	Selection set: Load set #08
Main	41247	Selection set: Load set #09
Main	41248	Selection set: Load set #10
Main	41249	Item edit: Nudge right by last nudge dialog settings
Main	41250	Item edit: Nudge left by last nudge dialog settings
Main	41251	Markers: Go to marker 11
Main	41252	Markers: Go to marker 12
Main	41253	Markers: Go to marker 13
Main	41254	Markers: Go to marker 14
Main	41255	Markers: Go to marker 15
Main	41256	Markers: Go to marker 16
Main	41257	Markers: Go to marker 17
Main	41258	Markers: Go to marker 18
Main	41259	Markers: Go to marker 19
Main	41260	Markers: Go to marker 20
Main	41261	Markers: Go to marker 21
Main	41262	Markers: Go to marker 22
Main	41263	Markers: Go to marker 23
Main	41264	Markers: Go to marker 24
Main	41265	Markers: Go to marker 25
Main	41266	Markers: Go to marker 26
Main	41267	Markers: Go to marker 27
Main	41268	Markers: Go to marker 28
Main	41269	Markers: Go to marker 29
Main	41270	Markers: Go to marker 30
Main	41271	Item edit: Save nudge dialog settings 1
Main	41272	Item edit: Save nudge dialog settings 2
Main	41273	Item edit: Save nudge dialog settings 3
Main	41274	Item edit: Save nudge dialog settings 4
Main	41275	Item edit: Nudge right by saved nudge dialog settings 1
Main	41276	Item edit: Nudge right by saved nudge dialog settings 2
Main	41277	Item edit: Nudge right by saved nudge dialog settings 3
Main	41278	Item edit: Nudge right by saved nudge dialog settings 4
Main	41279	Item edit: Nudge left by saved nudge dialog settings 1
Main	41280	Item edit: Nudge left by saved nudge dialog settings 2
Main	41281	Item edit: Nudge left by saved nudge dialog settings 3
Main	41282	Item edit: Nudge left by saved nudge dialog settings 4
Main	41283	Item edit: Save nudge dialog settings 5
Main	41284	Item edit: Save nudge dialog settings 6
Main	41285	Item edit: Save nudge dialog settings 7
Main	41286	Item edit: Save nudge dialog settings 8
Main	41287	Item edit: Nudge right by saved nudge dialog settings 5
Main	41288	Item edit: Nudge right by saved nudge dialog settings 6
Main	41289	Item edit: Nudge right by saved nudge dialog settings 7
Main	41290	Item edit: Nudge right by saved nudge dialog settings 8
Main	41291	Item edit: Nudge left by saved nudge dialog settings 5
Main	41292	Item edit: Nudge left by saved nudge dialog settings 6
Main	41293	Item edit: Nudge left by saved nudge dialog settings 7
Main	41294	Item edit: Nudge left by saved nudge dialog settings 8
Main	41295	Item: Duplicate items
Main	41296	Item: Duplicate selected area of items
Main	41297	Toolbar: Show/hide toolbar at top of main window
Main	41298	Run LICEcap (animated screen capture utility)
Main	41299	Item edit: Move position of item under mouse to edit cursor
Main	41300	Item edit: Trim left edge of item under mouse to edit cursor
Main	41301	Item edit: Move left edge of item under mouse to edit cursor (preserving item right edge)
Main	41302	Item edit: Move right edge of item under mouse to edit cursor (preserving item length)
Main	41303	Item edit: Move contents of item under mouse to edit cursor
Main	41304	Item edit: Move duplicate of item under mouse to edit cursor
Main	41305	Item edit: Trim left edge of item to edit cursor
Main	41306	Item edit: Move left edge of item to edit cursor (preserving item right edge)
Main	41307	Item edit: Move right edge of item to edit cursor (preserving item length)
Main	41308	Item edit: Move contents of item to edit cursor
Main	41309	Item edit: Move duplicate of item to edit cursor
Main	41310	Item edit: Trim right edge of item under mouse to edit cursor
Main	41311	Item edit: Trim right edge of item to edit cursor
Main	41312	Track: Lock track controls
Main	41313	Track: Unlock track controls
Main	41314	Track: Toggle lock/unlock track controls
Main	41319	Item: Copy items to time selection, trim/loop to fit
Main	41320	Item: Move items to time selection, trim/loop to fit
Main	41321	Track: Set record path to primary
Main	41322	Track: Set record path to secondary
Main	41323	Track: Set record path to primary+secondary
Main	41324	Track: Select all tracks that have controls locked
Main	41325	View: Increase selected track heights
Main	41326	View: Decrease selected track heights
Main	41327	View: Increase selected track heights a little bit
Main	41328	View: Decrease selected track heights a little bit
Main	41329	Options: Toggle new recording adds lanes in layers (multiple lanes play at once)
Main	41330	Options: New recording splits existing items and adds takes (default)
Main	41331	Take: Set active take to custom color...
Main	41332	Take: Set active take to one random color
Main	41333	Take: Set active take to default color
Main	41334	Take: Set all takes created in the same recording pass to custom color...
Main	41335	Take: Set all takes created in the same recording pass to one random color
Main	41336	Take: Set all takes created in the same recording pass to default color
Main	41337	Take: Set all takes of selected items to default color
Main	41338	Options: Toggle editing active take source start offset (slip editing) adjusts all takes
Main	41339	Item properties: Toggle lock to active take (toggle mouse click changes active take)
Main	41340	Item properties: Lock to active take (mouse click will not change active take)
Main	41341	Item properties: Unlock takes (mouse click will change active take)
Main	41342	Take: Activate take under mouse
Main	41343	Colors: Reset random color generator
Main	41344	Options: Show tooltips on media items and envelopes
Main	41345	Help: Show mouse editing help in the area beneath the track control panels
Main	41346	Options: Show empty takes (align takes by recording pass)
Main	41348	Item: Remove all empty takes
Main	41349	Item: Remove the empty take before the active take
Main	41350	Item: Remove the empty take after the active take
Main	41351	Item: Add an empty take before the active take
Main	41352	Item: Add an empty take after the active take
Main	41353	Item: Rotate takes forward
Main	41354	Item: Rotate takes backward
Main	41355	Options: Allow selecting empty takes
Main	41356	Options: Mouse modifier preferences...
Main	41357	Send: Mute track send #1
Main	41358	Send: Mute track send #2
Main	41359	Send: Mute track send #3
Main	41360	Send: Mute track send #4
Main	41361	Send: Mute track send #5
Main	41362	Send: Mute track send #6
Main	41363	Send: Mute track send #7
Main	41364	Send: Mute track send #8
Main	41365	Send: Mute track receive #1
Main	41366	Send: Mute track receive #2
Main	41367	Send: Mute track receive #3
Main	41368	Send: Mute track receive #4
Main	41369	Send: Mute track receive #5
Main	41370	Send: Mute track receive #6
Main	41371	Send: Mute track receive #7
Main	41372	Send: Mute track receive #8
Main	41373	Comp takes: Save/rename active comp...
Main	41374	Comp takes: Remove active comp from list
Main	41375	Comp takes: Activate previous comp
Main	41376	Comp takes: Activate next comp
Main	41377	Comp takes: Toggle select last comp (A/B)
Main	41378	Comp takes: Move active comp to top lane
Main	41379	Comp takes: Crop list to active comp
Main	41380	Item: Move active takes to top
Main	41381	Item: Choose active take for item under mouse
Main	41382	Comp takes: Choose active comp for item under mouse (and all other items in the comp)
Main	41383	Edit: Copy items/tracks/envelope points (depending on focus) within time selection, if any (smart copy)
Main	41384	Edit: Cut items/tracks/envelope points (depending on focus) within time selection, if any (smart cut)
Main	41385	Item: Fit items to time selection, padding with silence if needed
Main	41386	Item: Fit items to time selection, looping if needed
Main	41388	Item properties: Set take channel mode to mono channel 03
Main	41389	Item properties: Set take channel mode to mono channel 04
Main	41390	Item properties: Set take channel mode to mono channel 05
Main	41391	Item properties: Set take channel mode to mono channel 06
Main	41392	Item properties: Set take channel mode to mono channel 07
Main	41393	Item properties: Set take channel mode to mono channel 08
Main	41394	Item properties: Set take channel mode to mono channel 09
Main	41395	Item properties: Set take channel mode to mono channel 10
Main	41396	Item properties: Set take channel mode to mono channel 11
Main	41397	Item properties: Set take channel mode to mono channel 12
Main	41398	Item properties: Set take channel mode to mono channel 13
Main	41399	Item properties: Set take channel mode to mono channel 14
Main	41400	Item properties: Set take channel mode to mono channel 15
Main	41401	Item properties: Set take channel mode to mono channel 16
Main	41402	Item properties: Set take channel mode to mono channel 17
Main	41403	Item properties: Set take channel mode to mono channel 18
Main	41404	Item properties: Set take channel mode to mono channel 19
Main	41405	Item properties: Set take channel mode to mono channel 20
Main	41406	Item properties: Set take channel mode to mono channel 21
Main	41407	Item properties: Set take channel mode to mono channel 22
Main	41408	Item properties: Set take channel mode to mono channel 23
Main	41409	Item properties: Set take channel mode to mono channel 24
Main	41410	Item properties: Set take channel mode to mono channel 25
Main	41411	Item properties: Set take channel mode to mono channel 26
Main	41412	Item properties: Set take channel mode to mono channel 27
Main	41413	Item properties: Set take channel mode to mono channel 28
Main	41414	Item properties: Set take channel mode to mono channel 29
Main	41415	Item properties: Set take channel mode to mono channel 30
Main	41416	Item properties: Set take channel mode to mono channel 31
Main	41417	Item properties: Set take channel mode to mono channel 32
Main	41418	Item properties: Set take channel mode to mono channel 33
Main	41419	Item properties: Set take channel mode to mono channel 34
Main	41420	Item properties: Set take channel mode to mono channel 35
Main	41421	Item properties: Set take channel mode to mono channel 36
Main	41422	Item properties: Set take channel mode to mono channel 37
Main	41423	Item properties: Set take channel mode to mono channel 38
Main	41424	Item properties: Set take channel mode to mono channel 39
Main	41425	Item properties: Set take channel mode to mono channel 40
Main	41426	Item properties: Set take channel mode to mono channel 41
Main	41427	Item properties: Set take channel mode to mono channel 42
Main	41428	Item properties: Set take channel mode to mono channel 43
Main	41429	Item properties: Set take channel mode to mono channel 44
Main	41430	Item properties: Set take channel mode to mono channel 45
Main	41431	Item properties: Set take channel mode to mono channel 46
Main	41432	Item properties: Set take channel mode to mono channel 47
Main	41433	Item properties: Set take channel mode to mono channel 48
Main	41434	Item properties: Set take channel mode to mono channel 49
Main	41435	Item properties: Set take channel mode to mono channel 50
Main	41436	Item properties: Set take channel mode to mono channel 51
Main	41437	Item properties: Set take channel mode to mono channel 52
Main	41438	Item properties: Set take channel mode to mono channel 53
Main	41439	Item properties: Set take channel mode to mono channel 54
Main	41440	Item properties: Set take channel mode to mono channel 55
Main	41441	Item properties: Set take channel mode to mono channel 56
Main	41442	Item properties: Set take channel mode to mono channel 57
Main	41443	Item properties: Set take channel mode to mono channel 58
Main	41444	Item properties: Set take channel mode to mono channel 59
Main	41445	Item properties: Set take channel mode to mono channel 60
Main	41446	Item properties: Set take channel mode to mono channel 61
Main	41447	Item properties: Set take channel mode to mono channel 62
Main	41448	Item properties: Set take channel mode to mono channel 63
Main	41449	Item properties: Set take channel mode to mono channel 64
Main	41450	Item properties: Set take channel mode to stereo channels 01/02
Main	41451	Item properties: Set take channel mode to stereo channels 02/03
Main	41452	Item properties: Set take channel mode to stereo channels 03/04
Main	41453	Item properties: Set take channel mode to stereo channels 04/05
Main	41454	Item properties: Set take channel mode to stereo channels 05/06
Main	41455	Item properties: Set take channel mode to stereo channels 06/07
Main	41456	Item properties: Set take channel mode to stereo channels 07/08
Main	41457	Item properties: Set take channel mode to stereo channels 08/09
Main	41458	Item properties: Set take channel mode to stereo channels 09/10
Main	41459	Item properties: Set take channel mode to stereo channels 10/11
Main	41460	Item properties: Set take channel mode to stereo channels 11/12
Main	41461	Item properties: Set take channel mode to stereo channels 12/13
Main	41462	Item properties: Set take channel mode to stereo channels 13/14
Main	41463	Item properties: Set take channel mode to stereo channels 14/15
Main	41464	Item properties: Set take channel mode to stereo channels 15/16
Main	41465	Item properties: Set take channel mode to stereo channels 16/17
Main	41466	Item properties: Set take channel mode to stereo channels 17/18
Main	41467	Item properties: Set take channel mode to stereo channels 18/19
Main	41468	Item properties: Set take channel mode to stereo channels 19/20
Main	41469	Item properties: Set take channel mode to stereo channels 20/21
Main	41470	Item properties: Set take channel mode to stereo channels 21/22
Main	41471	Item properties: Set take channel mode to stereo channels 22/23
Main	41472	Item properties: Set take channel mode to stereo channels 23/24
Main	41473	Item properties: Set take channel mode to stereo channels 24/25
Main	41474	Item properties: Set take channel mode to stereo channels 25/26
Main	41475	Item properties: Set take channel mode to stereo channels 26/27
Main	41476	Item properties: Set take channel mode to stereo channels 27/28
Main	41477	Item properties: Set take channel mode to stereo channels 28/29
Main	41478	Item properties: Set take channel mode to stereo channels 29/30
Main	41479	Item properties: Set take channel mode to stereo channels 30/31
Main	41480	Item properties: Set take channel mode to stereo channels 31/32
Main	41481	Item properties: Set take channel mode to stereo channels 32/33
Main	41482	Item properties: Set take channel mode to stereo channels 33/34
Main	41483	Item properties: Set take channel mode to stereo channels 34/35
Main	41484	Item properties: Set take channel mode to stereo channels 35/36
Main	41485	Item properties: Set take channel mode to stereo channels 36/37
Main	41486	Item properties: Set take channel mode to stereo channels 37/38
Main	41487	Item properties: Set take channel mode to stereo channels 38/39
Main	41488	Item properties: Set take channel mode to stereo channels 39/40
Main	41489	Item properties: Set take channel mode to stereo channels 40/41
Main	41490	Item properties: Set take channel mode to stereo channels 41/42
Main	41491	Item properties: Set take channel mode to stereo channels 42/43
Main	41492	Item properties: Set take channel mode to stereo channels 43/44
Main	41493	Item properties: Set take channel mode to stereo channels 44/45
Main	41494	Item properties: Set take channel mode to stereo channels 45/46
Main	41495	Item properties: Set take channel mode to stereo channels 46/47
Main	41496	Item properties: Set take channel mode to stereo channels 47/48
Main	41497	Item properties: Set take channel mode to stereo channels 48/49
Main	41498	Item properties: Set take channel mode to stereo channels 49/50
Main	41499	Item properties: Set take channel mode to stereo channels 50/51
Main	41500	Item properties: Set take channel mode to stereo channels 51/52
Main	41501	Item properties: Set take channel mode to stereo channels 52/53
Main	41502	Item properties: Set take channel mode to stereo channels 53/54
Main	41503	Item properties: Set take channel mode to stereo channels 54/55
Main	41504	Item properties: Set take channel mode to stereo channels 55/56
Main	41505	Item properties: Set take channel mode to stereo channels 56/57
Main	41506	Item properties: Set take channel mode to stereo channels 57/58
Main	41507	Item properties: Set take channel mode to stereo channels 58/59
Main	41508	Item properties: Set take channel mode to stereo channels 59/60
Main	41509	Item properties: Set take channel mode to stereo channels 60/61
Main	41510	Item properties: Set take channel mode to stereo channels 61/62
Main	41511	Item properties: Set take channel mode to stereo channels 62/63
Main	41512	Item properties: Set take channel mode to stereo channels 63/64
Main	41513	Item: Explode REX item into beat slices
Main	41514	Item: Set fade-in shape to type 1 (linear)
Main	41515	Item: Set fade-in shape to type 2 (slight convex)
Main	41516	Item: Set fade-in shape to type 3 (slight concave)
Main	41517	Item: Set fade-in shape to type 4 (sharp convex)
Main	41518	Item: Set fade-in shape to type 5 (sharp concave)
Main	41519	Item: Set fade-in shape to type 6 (slight S-curve)
Main	41520	Item: Cycle through fade-in shapes
Main	41521	Item: Set fade-out shape to type 1 (linear)
Main	41522	Item: Set fade-out shape to type 2 (slight convex)
Main	41523	Item: Set fade-out shape to type 3 (slight concave)
Main	41524	Item: Set fade-out shape to type 4 (sharp convex)
Main	41525	Item: Set fade-out shape to type 5 (sharp concave)
Main	41526	Item: Set fade-out shape to type 6 (slight S-curve)
Main	41527	Item: Cycle through fade-out shapes
Main	41528	Item: Set crossfade shape to type 1 (linear, equal gain)
Main	41529	Item: Set crossfade shape to type 2 (slight convex, equal power)
Main	41530	Item: Set crossfade shape to type 3 (slight concave)
Main	41531	Item: Set crossfade shape to type 4 (sharp convex)
Main	41532	Item: Set crossfade shape to type 5 (sharp concave)
Main	41533	Item: Set crossfade shape to type 6 (slight S-curve)
Main	41534	Item: Cycle through crossfade shapes
Main	41535	Show startup splash screen
Main	41536	Transient detection sensitivity: Increase
Main	41537	Transient detection sensitivity: Decrease
Main	41538	Track: Do not link track volume/pan controls to MIDI volume/pan
Main	41539	Track: Link track volume/pan controls to MIDI volume/pan on channel 1
Main	41540	Track: Link track volume/pan controls to MIDI volume/pan on channel 2
Main	41541	Track: Link track volume/pan controls to MIDI volume/pan on channel 3
Main	41542	Track: Link track volume/pan controls to MIDI volume/pan on channel 4
Main	41543	Track: Link track volume/pan controls to MIDI volume/pan on channel 5
Main	41544	Track: Link track volume/pan controls to MIDI volume/pan on channel 6
Main	41545	Track: Link track volume/pan controls to MIDI volume/pan on channel 7
Main	41546	Track: Link track volume/pan controls to MIDI volume/pan on channel 8
Main	41547	Track: Link track volume/pan controls to MIDI volume/pan on channel 9
Main	41548	Track: Link track volume/pan controls to MIDI volume/pan on channel 10
Main	41549	Track: Link track volume/pan controls to MIDI volume/pan on channel 11
Main	41550	Track: Link track volume/pan controls to MIDI volume/pan on channel 12
Main	41551	Track: Link track volume/pan controls to MIDI volume/pan on channel 13
Main	41552	Track: Link track volume/pan controls to MIDI volume/pan on channel 14
Main	41553	Track: Link track volume/pan controls to MIDI volume/pan on channel 15
Main	41554	Track: Link track volume/pan controls to MIDI volume/pan on channel 16
Main	41555	Track: Link track volume/pan controls to MIDI volume/pan on all channels
Main	41556	Track: Toggle link/unlink track volume/pan controls to MIDI volume/pan on all channels
Main	41557	Item properties: Toggle solo
Main	41558	Item properties: Solo exclusive
Main	41559	Item properties: Solo
Main	41560	Item properties: Unsolo
Main	41561	Item properties: Toggle solo exclusive
Main	41568	File: Export configuration...
Main	41569	File: Import configuration...
Main	41576	Options: Envelope point selection follows time selection
Main	41583	Options: Toggle running FX when playback is stopped
Main	41584	Track: Insert new 5.1 surround track, embed ReaSurroundPan in TCP
Main	41585	Track: Insert new surround track, using selected tracks as source audio
Main	41586	Project bay: Remove items from project
Main	41588	Item: Glue items, expanding to time selection if any
Main	41589	Item properties: Toggle show media item/take properties
Main	41593	Track: Hide tracks in TCP and mixer
Main	41594	Track: Make all tracks visible in TCP and mixer
Main	41595	Envelope: Toggle select/unselect all points
Main	41597	Set project tempo from time selection (detect tempo)
Main	41598	Docker: Show in bottom of main window
Main	41599	Docker: Show in left of main window
Main	41600	Docker: Show in top of main window
Main	41601	Docker: Show in right of main window
Main	41603	Transport: Show transport docked below arrange
Main	41604	Transport: Show transport docked above ruler
Main	41605	Transport: Show transport docked to bottom of main window
Main	41606	Transport: Show transport docked to top of main window
Main	41608	Transport: Show transport in docker
Main	41609	View: Toggle master mixer track in separate/docked window
Main	41610	Mixer: Toggle master track in docked window
Main	41611	Item: Select all other media items that share pooled MIDI source data with selected items
Main	41612	Take: Toggle take pitch envelope
Main	41613	Item: Remove active take from MIDI source data pool (unpool)
Main	41622	View: Toggle zoom to selected items
Main	41623	Open selected item source media in media explorer
Main	41624	Docker: Activate next tab
Main	41625	Docker: Activate previous tab
Main	41628	View: Show project bay window 2
Main	41629	View: Show project bay window 3
Main	41630	View: Show project bay window 4
Main	41631	View: Show project bay window 5
Main	41632	View: Show project bay window 6
Main	41633	View: Show project bay window 7
Main	41634	View: Show project bay window 8
Main	41636	Mixer: Toggle master track in separate window
Main	41638	Item: Reorder adjacent items randomly
Main	41639	Item: Set item ends to start of next item
Main	41640	Toolbar: Open MIDI toolbar 1 at mouse cursor
Main	41641	Toolbar: Open MIDI toolbar 2 at mouse cursor
Main	41642	Toolbar: Open MIDI toolbar 3 at mouse cursor
Main	41643	Toolbar: Open MIDI toolbar 4 at mouse cursor
Main	41644	Track: Unfreeze tracks (restore previously saved items and FX)
Main	41646	Toolbars: Switch to main toolbar
Main	41647	Toolbars: Switch to toolbar 5
Main	41648	Toolbars: Switch to toolbar 6
Main	41649	Toolbars: Switch to toolbar 7
Main	41650	Toolbars: Switch to toolbar 8
Main	41651	Toolbar: Open/close main toolbar
Main	41654	View: Show track freeze details
Main	41655	Toolbar: Open toolbar 5 at mouse cursor
Main	41656	Toolbar: Open toolbar 6 at mouse cursor
Main	41657	Toolbar: Open toolbar 7 at mouse cursor
Main	41658	Toolbar: Open toolbar 8 at mouse cursor
Main	41659	Toolbars: Switch to MIDI toolbar 1
Main	41660	Toolbars: Switch to MIDI toolbar 2
Main	41661	Toolbars: Switch to MIDI toolbar 3
Main	41662	Toolbars: Switch to MIDI toolbar 4
Main	41664	Markers: Insert separate regions for each selected item
Main	41665	Track: Show/hide children of selected folder tracks in mixer
Main	41666	View: Move cursor left 8 pixels
Main	41667	View: Move cursor right 8 pixels
Main	41668	Take: Toggle sample edits active (only editable when zoomed in)
Main	41676	Toolbar: Open/close MIDI piano roll toolbar
Main	41679	Toolbar: Open/close toolbar 1
Main	41680	Toolbar: Open/close toolbar 2
Main	41681	Toolbar: Open/close toolbar 3
Main	41682	Toolbar: Open/close toolbar 4
Main	41683	Toolbar: Open/close toolbar 5
Main	41684	Toolbar: Open/close toolbar 6
Main	41685	Toolbar: Open/close toolbar 7
Main	41686	Toolbar: Open/close toolbar 8
Main	41687	Toolbar: Open/close MIDI toolbar 1
Main	41688	Toolbar: Open/close MIDI toolbar 2
Main	41689	Toolbar: Open/close MIDI toolbar 3
Main	41690	Toolbar: Open/close MIDI toolbar 4
Main	41691	Dockers: Compact when small and single tab
Main	41696	Layout: Apply custom layout #01
Main	41697	Layout: Apply custom layout #02
Main	41698	Layout: Apply custom layout #03
Main	41699	Layout: Apply custom layout #04
Main	41700	Layout: Apply custom layout #05
Main	41701	Layout: Apply custom layout #06
Main	41702	Layout: Apply custom layout #07
Main	41703	Layout: Apply custom layout #08
Main	41704	Layout: Apply custom layout #09
Main	41705	Layout: Apply custom layout #10
Main	41706	Layout: Apply custom layout #11
Main	41707	Layout: Apply custom layout #12
Main	41708	Layout: Apply custom layout #13
Main	41709	Layout: Apply custom layout #14
Main	41710	Layout: Apply custom layout #15
Main	41711	Layout: Apply custom layout #16
Main	41712	Layout: Apply custom layout #17
Main	41713	Layout: Apply custom layout #18
Main	41714	Layout: Apply custom layout #19
Main	41715	Layout: Apply custom layout #20
Main	41716	Track: Render selected area of tracks to stereo post-fader stem tracks (and mute originals)
Main	41717	Track: Render selected area of tracks to multichannel post-fader stem tracks (and mute originals)
Main	41718	Track: Render selected area of tracks to mono post-fader stem tracks (and mute originals)
Main	41719	Track: Render selected area of tracks to stereo stem tracks (and mute originals)
Main	41720	Track: Render selected area of tracks to multichannel stem tracks (and mute originals)
Main	41721	Track: Render selected area of tracks to mono stem tracks (and mute originals)
Main	41722	Offset track template items by edit cursor
Main	41726	Track: Toggle full multichannel metering
Main	41727	Track: Set track record mode to MIDI latch-replace
Main	41728	Edit: Delete trailing notes of less than 1/8 note in length in selected MIDI items
Main	41729	Edit: Delete trailing notes of less than 1/16 note in length in selected MIDI items
Main	41730	Edit: Delete trailing notes of less than 1/32 note in length in selected MIDI items
Main	41731	Edit: Delete trailing notes of less than 1/64 note in length in selected MIDI items
Main	41732	Edit: Delete trailing notes of less than 1/128 note in length in selected MIDI items
Main	41733	Edit: Delete trailing notes of less than 1/256 note in length in selected MIDI items
Main	41734	Edit: Delete notes of less than 1/8 note in length in selected MIDI items
Main	41735	Edit: Delete notes of less than 1/16 note in length in selected MIDI items
Main	41736	Edit: Delete notes of less than 1/32 note in length in selected MIDI items
Main	41737	Edit: Delete notes of less than 1/64 note in length in selected MIDI items
Main	41738	Edit: Delete notes of less than 1/128 note in length in selected MIDI items
Main	41739	Edit: Delete notes of less than 1/256 note in length in selected MIDI items
Main	41743	Control surface: Refresh all surfaces
Main	41744	Track: Toggle track metering
Main	41745	Options: Enable metronome
Main	41746	Options: Disable metronome
Main	41747	Item: Collapse empty take
Main	41748	Item: Insert time on tracks and paste items
Main	41749	Track: Open/close UI for FX #1 on last touched track
Main	41750	Track: Open/close UI for FX #2 on last touched track
Main	41751	Track: Open/close UI for FX #3 on last touched track
Main	41752	Track: Open/close UI for FX #4 on last touched track
Main	41753	Track: Open/close UI for FX #5 on last touched track
Main	41754	Track: Open/close UI for FX #6 on last touched track
Main	41755	Track: Open/close UI for FX #7 on last touched track
Main	41756	Track: Open/close UI for FX #8 on last touched track
Main	41757	Track: Insert/show ReaEQ (track EQ)
Main	41758	Markers/Regions: Export markers/regions to file
Main	41759	Markers/Regions: Import markers/regions from file (replace existing)
Main	41760	Markers/Regions: Import markers/regions from file (merge with existing)
Main	41761	Regions: Go to region 01 after current region finishes playing (smooth seek)
Main	41762	Regions: Go to region 02 after current region finishes playing (smooth seek)
Main	41763	Regions: Go to region 03 after current region finishes playing (smooth seek)
Main	41764	Regions: Go to region 04 after current region finishes playing (smooth seek)
Main	41765	Regions: Go to region 05 after current region finishes playing (smooth seek)
Main	41766	Regions: Go to region 06 after current region finishes playing (smooth seek)
Main	41767	Regions: Go to region 07 after current region finishes playing (smooth seek)
Main	41768	Regions: Go to region 08 after current region finishes playing (smooth seek)
Main	41769	Regions: Go to region 09 after current region finishes playing (smooth seek)
Main	41770	Regions: Go to region 10 after current region finishes playing (smooth seek)
Main	41771	Regions: Go to region 11 after current region finishes playing (smooth seek)
Main	41772	Regions: Go to region 12 after current region finishes playing (smooth seek)
Main	41773	Regions: Go to region 13 after current region finishes playing (smooth seek)
Main	41774	Regions: Go to region 14 after current region finishes playing (smooth seek)
Main	41775	Regions: Go to region 15 after current region finishes playing (smooth seek)
Main	41776	Regions: Go to region 16 after current region finishes playing (smooth seek)
Main	41777	Regions: Go to region 17 after current region finishes playing (smooth seek)
Main	41778	Regions: Go to region 18 after current region finishes playing (smooth seek)
Main	41779	Regions: Go to region 19 after current region finishes playing (smooth seek)
Main	41780	Regions: Go to region 20 after current region finishes playing (smooth seek)
Main	41781	Regions: Go to region 21 after current region finishes playing (smooth seek)
Main	41782	Regions: Go to region 22 after current region finishes playing (smooth seek)
Main	41783	Regions: Go to region 23 after current region finishes playing (smooth seek)
Main	41784	Regions: Go to region 24 after current region finishes playing (smooth seek)
Main	41785	Regions: Go to region 25 after current region finishes playing (smooth seek)
Main	41786	Regions: Go to region 26 after current region finishes playing (smooth seek)
Main	41787	Regions: Go to region 27 after current region finishes playing (smooth seek)
Main	41788	Regions: Go to region 28 after current region finishes playing (smooth seek)
Main	41789	Regions: Go to region 29 after current region finishes playing (smooth seek)
Main	41790	Regions: Go to region 30 after current region finishes playing (smooth seek)
Main	41791	Regions: Go to region 31 after current region finishes playing (smooth seek)
Main	41792	Regions: Go to region 32 after current region finishes playing (smooth seek)
Main	41793	Regions: Go to region 33 after current region finishes playing (smooth seek)
Main	41794	Regions: Go to region 34 after current region finishes playing (smooth seek)
Main	41795	Regions: Go to region 35 after current region finishes playing (smooth seek)
Main	41796	Regions: Go to region 36 after current region finishes playing (smooth seek)
Main	41797	Regions: Go to region 37 after current region finishes playing (smooth seek)
Main	41798	Regions: Go to region 38 after current region finishes playing (smooth seek)
Main	41799	Regions: Go to region 39 after current region finishes playing (smooth seek)
Main	41800	Regions: Go to region 40 after current region finishes playing (smooth seek)
Main	41801	Regions: Go to previous region after current region finishes playing (smooth seek)
Main	41802	Regions: Go to next region after current region finishes playing (smooth seek)
Main	41803	Track: Select all top level tracks
Main	41804	Tempo envelope: Set display range to current project min/max bpm
Main	41805	Adjust entire tempo envelope...
Main	41806	Tempo envelope: Increase all tempo markers 0.001 BPM
Main	41807	Tempo envelope: Decrease all tempo markers 0.001 BPM
Main	41808	Tempo envelope: Increase all tempo markers 01%
Main	41809	Tempo envelope: Decrease all tempo markers 01%
Main	41810	Tempo envelope: Increase all tempo markers 0.1%
Main	41811	Tempo envelope: Decrease all tempo markers 0.1%
Main	41812	Tempo envelope: Increase all tempo markers 0.01%
Main	41813	Tempo envelope: Decrease all tempo markers 0.01%
Main	41814	Tempo envelope: Increase all tempo markers 0.001%
Main	41815	Tempo envelope: Decrease all tempo markers 0.001%
Main	41816	Item: Open associated project in new tab
Main	41817	View: Continuous scrolling during playback
Main	41818	Pre-roll: Toggle pre-roll on play
Main	41819	Pre-roll: Toggle pre-roll on record
Main	41820	Move edit cursor to previous tempo or time signature change
Main	41821	Move edit cursor to next tempo or time signature change
Main	41823	File: Add project to render queue, using the most recent render settings
Main	41824	File: Render project, using the most recent render settings
Main	41825	Track: Hide envelope, display next envelope on same track (cycle)
Main	41827	Edit: Show crossfade editor window
Main	41828	I/O dialog: Close window on enter key
Main	41829	Mixer: Group FX parameters with their inserts
Main	41834	Transport: Toggle stop playback at end of loop if repeat is disabled
Main	41836	Item: Set fade-in shape to type 7 (sharp S-curve)
Main	41837	Item: Set fade-out shape to type 7 (sharp S-curve)
Main	41838	Item: Set crossfade shape to type 7 (sharp S-curve)
Main	41839	Item: Split items at end of fade-in (unless crossfaded)
Main	41840	Item: Split items at start of fade-out (unless crossfaded)
Main	41842	Item: Add stretch marker at cursor
Main	41843	Item: Add stretch markers at time selection
Main	41844	Item: Remove all stretch markers
Main	41845	Item: Remove all stretch markers in time selection
Main	41846	Item: Snap stretch markers to grid
Main	41847	Item: Snap stretch markers in time selection to grid
Main	41848	Item: Add stretch marker at mouse position
Main	41849	Locking: Set take envelope locking mode
Main	41850	Locking: Clear take envelope locking mode
Main	41851	Locking: Toggle take envelope locking mode
Main	41852	Locking: Set item stretch marker locking mode
Main	41853	Locking: Clear item stretch marker locking mode
Main	41854	Locking: Toggle item stretch marker locking mode
Main	41855	File: Render project, using the most recent render settings, with a new target file name...
Main	41856	Project bay: Insert items into project
Main	41857	Item: Force tonal-optimized mode for stretch markers
Main	41858	Item: Set item name from active take filename
Main	41859	Item: Remove stretch marker at current position
Main	41860	Item: Go to next stretch marker
Main	41861	Item: Go to previous stretch marker
Main	41862	Item: Go to nearest stretch marker
Main	41863	Track: Select previous envelope
Main	41864	Track: Select next envelope
Main	41865	Track: Select pre-FX volume envelope
Main	41866	Track: Select volume envelope
Main	41867	Track: Select pre-FX pan envelope
Main	41868	Track: Select pan envelope
Main	41869	Track: Select pre-FX width envelope
Main	41870	Track: Select width envelope
Main	41871	Track: Select mute envelope
Main	41872	Track: Select FX envelope 01
Main	41873	Track: Select FX envelope 02
Main	41874	Track: Select FX envelope 03
Main	41875	Track: Select FX envelope 04
Main	41876	Track: Select FX envelope 05
Main	41877	Track: Select FX envelope 06
Main	41878	Track: Select FX envelope 07
Main	41879	Track: Select FX envelope 08
Main	41880	Track: Select FX envelope 09
Main	41881	Track: Select FX envelope 10
Main	41882	View: Show monitoring FX chain
Main	41883	Project tabs: Show project tabs on left side of window
Main	41884	Monitoring FX: Toggle bypass
Main	41885	Grid: Toggle framerate grid
Main	41887	Item: Close item inline editors
Main	41888	View: Show region render matrix window
Main	41890	Region render matrix: Render master mix for all regions
Main	41891	Region render matrix: Render all tracks for all regions
Main	41892	Region render matrix: Render only selected tracks for all regions
Main	41893	Region render matrix: Add selected tracks to render list for all regions
Main	41895	File: Save new version of project (automatically increment project name)
Main	41896	Markers: Set region near cursor to default color
Main	41897	Markers: Set marker near cursor to default color
Main	41898	ReaScript: Close all running ReaScripts
Main	41916	View: Time unit for ruler: Measures.Beats (minimal)
Main	41918	View: Time unit for ruler: Measures.Beats (minimal) / minutes:Seconds
Main	41919	Track: Toggle preserve PDC delayed monitoring in recorded items
Main	41920	Track: Unset preserve PDC delayed monitoring in recorded items
Main	41921	Track: Set preserve PDC delayed monitoring in recorded items
Main	41922	Close all projects but current
Main	41923	Item: Reset items volume to +0dB
Main	41924	Item: Nudge items volume -1dB
Main	41925	Item: Nudge items volume +1dB
Main	41926	Take: Nudge active takes volume -1dB
Main	41927	Take: Nudge active takes volume +1dB
Main	41928	ReaScript: Run/edit ReaScript (EEL2 or Lua)...
Main	41929	New project tab, ignore default template
Main	41930	Theme development: Show theme tweak/configuration window
Main	41931	ReaScript: Run/edit last ReaScript (EEL2 or Lua)
Main	41932	Insert dedicated video processor item
Main	41935	ReaScript: Edit new ReaScript (EEL2 or Lua)...
Main	41936	Toolbar: Open/close toolbar 9
Main	41937	Toolbar: Open/close toolbar 10
Main	41938	Toolbar: Open/close toolbar 11
Main	41939	Toolbar: Open/close toolbar 12
Main	41940	Toolbar: Open/close toolbar 13
Main	41941	Toolbar: Open/close toolbar 14
Main	41942	Toolbar: Open/close toolbar 15
Main	41943	Toolbar: Open/close toolbar 16
Main	41944	Toolbar: Open/close MIDI toolbar 5
Main	41945	Toolbar: Open/close MIDI toolbar 6
Main	41946	Toolbar: Open/close MIDI toolbar 7
Main	41947	Toolbar: Open/close MIDI toolbar 8
Main	41948	Toolbars: Switch to toolbar 9
Main	41949	Toolbars: Switch to toolbar 10
Main	41950	Toolbars: Switch to toolbar 11
Main	41951	Toolbars: Switch to toolbar 12
Main	41952	Toolbars: Switch to toolbar 13
Main	41953	Toolbars: Switch to toolbar 14
Main	41954	Toolbars: Switch to toolbar 15
Main	41955	Toolbars: Switch to toolbar 16
Main	41956	Toolbars: Switch to MIDI toolbar 5
Main	41957	Toolbars: Switch to MIDI toolbar 6
Main	41958	Toolbars: Switch to MIDI toolbar 7
Main	41959	Toolbars: Switch to MIDI toolbar 8
Main	41960	Toolbar: Open toolbar 9 at mouse cursor
Main	41961	Toolbar: Open toolbar 10 at mouse cursor
Main	41962	Toolbar: Open toolbar 11 at mouse cursor
Main	41963	Toolbar: Open toolbar 12 at mouse cursor
Main	41964	Toolbar: Open toolbar 13 at mouse cursor
Main	41965	Toolbar: Open toolbar 14 at mouse cursor
Main	41966	Toolbar: Open toolbar 15 at mouse cursor
Main	41967	Toolbar: Open toolbar 16 at mouse cursor
Main	41968	Toolbar: Open MIDI toolbar 5 at mouse cursor
Main	41969	Toolbar: Open MIDI toolbar 6 at mouse cursor
Main	41970	Toolbar: Open MIDI toolbar 7 at mouse cursor
Main	41971	Toolbar: Open MIDI toolbar 8 at mouse cursor
Main	41972	Transport: Time unit: Absolute frames
Main	41973	View: Time unit for ruler: Absolute frames
Main	41974	Take: View take envelopes for last touched/first selected item
Main	41975	Track: View envelopes for current/last touched track at mouse cursor
Main	41976	Take: Propagate to similarly-named active takes on track
Main	41977	Item: Propagate to similarly-named items on track
Main	41978	Take: Propagate to all similarly-named active takes
Main	41979	Item: Propagate to all similarly-named items
Main	41981	Envelope: Apply all VCAs to selected tracks and remove from VCA groups
Main	41982	Envelope: Apply all VCAs from selected tracks to grouped tracks and reset volume/pan/mute
Main	41983	FX: Activate/bypass track/take envelope for last touched FX parameter
Main	41984	FX: Arm track/take envelope for last touched FX parameter
Main	41987	Envelope: Add/edit envelope point value at cursor
Main	41988	Item: Edit stretch marker at cursor
Main	41989	Item: Reset stretch marker at current position
Main	41990	Toggle ripple editing per-track
Main	41991	Toggle ripple editing all tracks
Main	41992	Options: Chase MIDI note-on/CC/PC/pitch in project playback
Main	41993	Item: Apply track/take FX to items (multichannel output)
Main	41994	Project tabs: Synchronize any parent projects when playing back subproject
Main	41995	Move edit cursor to nearest zero crossing in items
Main	41996	Item: Move items to subproject (non-destructive glue)
Main	41997	Track: Move tracks to subproject
Main	41998	Project tabs: Defer rendering of subprojects (render on tab switch rather than save)
Main	41999	Item: Render items to new take
Main	42000	Grid: Set to 1/3 (1/2 triplet)
Main	42001	Grid: Set to 1/18
Main	42002	Grid: Set to 1/10 (1/8 quintuplet)
Main	42003	Grid: Set to 1/9
Main	42004	Grid: Set to 1/7 (1/4 septuplet)
Main	42005	Grid: Set to 1/5 (1/4 quintuplet)
Main	42006	Grid: Set to 3
Main	42007	Grid: Set to 2/3 (whole note triplet)
Main	42008	Item: Glue items, ignoring time selection (auto-increase channel count with take FX)
Main	42009	Item: Glue items, expanding to time selection if any (auto-increase channel count with take FX)
Main	42010	Grid: Use the same grid division in arrange view and MIDI editor
Main	42011	Options: Ripple edit all affects tempo map
Main	42012	Project tabs: Leave subproject open in tab after automatic open and render
Main	42013	Automation: Write current values for actively-writing envelopes to time selection
Main	42014	Automation: Write current values for actively-writing envelopes from cursor to start of project
Main	42015	Automation: Write current values for actively-writing envelopes from cursor to end of project
Main	42016	Automation: Write current values for actively-writing envelopes from cursor to first touch position
Main	42017	Automation: Write current values for actively-writing envelopes to entire envelope
Main	42018	Track: Apply trim envelope to volume envelope, clear trim envelope
Main	42019	Track: Apply volume envelope to trim envelope, clear volume envelope
Main	42020	Track: Toggle track trim envelope visible
Main	42021	Track: Swap volume envelope and trim envelope
Main	42022	Global automation override: All automation in latch preview mode
Main	42023	Automation: Set track automation mode to latch preview
Main	42024	Automation: Set all tracks automation mode to latch preview
Main	42025	Automation: Clear all track envelope latches
Main	42026	Automation: Clear track envelope latches
Main	42027	Clear transient guides
Main	42028	Calculate transient guides
Main	42029	Calculate transient guides for visible areas in items
Main	42030	Options: Add edge points when moving multiple envelope points
Main	42031	View: Show track wiring diagram
Main	42032	Set project recording pass counter... ($recpass wildcard)
Main	42033	Track: Toggle MIDI input quantize for selected tracks
Main	42034	Track: Toggle MIDI input quantize for all tracks
Main	42035	Track: Toggle MIDI input quantize for last touched track
Main	42036	Track: Set MIDI input quantize to 1/64 for selected tracks
Main	42037	Track: Set MIDI input quantize to 1/32 for selected tracks
Main	42038	Track: Set MIDI input quantize to 1/16 triplet for selected tracks
Main	42039	Track: Set MIDI input quantize to 1/16 for selected tracks
Main	42040	Track: Set MIDI input quantize to 1/8 triplet for selected tracks
Main	42041	Track: Set MIDI input quantize to 1/8 for selected tracks
Main	42042	Track: Set MIDI input quantize to 1/4 triplet for selected tracks
Main	42043	Track: Set MIDI input quantize to 1/4 for selected tracks
Main	42044	Track: Set MIDI input quantize to 1/64 for all tracks
Main	42045	Track: Set MIDI input quantize to 1/32 for all tracks
Main	42046	Track: Set MIDI input quantize to 1/16 triplet for all tracks
Main	42047	Track: Set MIDI input quantize to 1/16 for all tracks
Main	42048	Track: Set MIDI input quantize to 1/8 triplet for all tracks
Main	42049	Track: Set MIDI input quantize to 1/8 for all tracks
Main	42050	Track: Set MIDI input quantize to 1/4 triplet for all tracks
Main	42051	Track: Set MIDI input quantize to 1/4 for all tracks
Main	42052	Track: Set MIDI input quantize to 1/64 for last touched track
Main	42053	Track: Set MIDI input quantize to 1/32 for last touched track
Main	42054	Track: Set MIDI input quantize to 1/16 triplet for last touched track
Main	42055	Track: Set MIDI input quantize to 1/16 for last touched track
Main	42056	Track: Set MIDI input quantize to 1/8 triplet for last touched track
Main	42057	Track: Set MIDI input quantize to 1/8 for last touched track
Main	42058	Track: Set MIDI input quantize to 1/4 triplet for last touched track
Main	42059	Track: Set MIDI input quantize to 1/4 for last touched track
Main	42060	Track: Set MIDI input quantize to grid for selected tracks
Main	42061	Track: Set MIDI input quantize to grid for all tracks
Main	42062	Track: Set MIDI input quantize to grid for last touched track
Main	42063	Track: Enable MIDI input quantize for selected tracks
Main	42064	Track: Disable MIDI input quantize for selected tracks
Main	42065	Track: Enable MIDI input quantize for all tracks
Main	42066	Track: Disable MIDI input quantize for all tracks
Main	42067	Track: Enable MIDI input quantize for last touched track
Main	42068	Track: Disable MIDI input quantize for last touched track
Main	42069	Insert or extend MIDI items to fill time selection
Main	42070	Import track lyrics...
Main	42071	Export track lyrics...
Main	42072	Project tabs: Force project tabs visible when monitoring FX in use
Main	42073	Peaks: Toggle spectral peaks
Main	42074	View: Show peaks display settings
Main	42075	Track: Prevent spectral peaks/spectrogram
Main	42076	Options: Pre-fader track metering
Main	42077	Peaks: Load spectral peaks preset 1
Main	42078	Peaks: Load spectral peaks preset 2
Main	42079	Peaks: Load spectral peaks preset 3
Main	42080	Peaks: Load spectral peaks preset 4
Main	42081	Peaks: Load spectral peaks preset 5
Main	42082	Envelope: Insert automation item
Main	42083	Envelope: Duplicate automation items
Main	42084	Envelope: Remove automation items from pool (unpool)
Main	42085	Envelope: Duplicate and pool automation items
Main	42086	Envelope: Delete automation items
Main	42087	Envelope: Split automation items
Main	42088	Envelope: Delete automation items, preserve points
Main	42089	Envelope: Glue automation items
Main	42090	Envelope: Automation item properties...
Main	42091	Envelope: Rename automation item...
Main	42092	Envelope: Save automation item...
Main	42093	Envelope: Load automation item...
Main	42194	Options: Automation item baseline/amplitude edits affect pooled copies
Main	42195	Options: Loop new automation items by default
Main	42196	Envelope: Toggle automation item loop
Main	42197	Envelope: Set time selection to automation item
Main	42198	Envelope: Set loop points to automation item
Main	42199	Envelope: Reduce number of points by half
Main	42200	Envelope: Reverse points
Main	42201	Envelope: Reduce number of points by half within time selection
Main	42202	Options: Prevent mouse edits of single envelope points from moving past other envelope points
Main	42203	Options: Automation items do not connect to the underlying envelope
Main	42204	Options: Automation items connect to the underlying envelope on the right side
Main	42205	Options: Automation items connect to the underlying envelope on both sides
Main	42206	Options: Trim content behind automation items when editing or writing automation
Main	42207	Envelope: Convert all project automation to automation items
Main	42208	Envelope: Reduce number of selected points by half
Main	42209	Envelope: Add edge points to automation item
Main	42211	Envelope: Mute automation items
Main	42212	Options: Always record to automation items
Main	42213	Options: Bypass underlying envelopes outside of automation items
Main	42215	Envelope: Obey project default setting to bypass underlying envelope outside of automation items
Main	42218	Options: Limit media item edge edits to source media content for unlooped media items
Main	42220	Options: Automatically insert automation item when activating envelope that is bypassed outside of automation items and not displayed in envelope lane
Main	42221	Envelope: Automation items do not connect to the underlying envelope
Main	42222	Envelope: Automation items connect to the underlying envelope on the right side
Main	42223	Envelope: Automation items connect to the underlying envelope on both sides
Main	42224	Envelope: Bypass underlying envelope outside of automation items
Main	42225	Track: Set track record output mode to post-fader
Main	42226	Track: Set track record output mode to pre-FX
Main	42227	Track: Set track record output mode to post-FX, pre-fader
Main	42228	Item: Set item start/end to source media start/end
Main	42229	Item: Set item start to source media start
Main	42230	File: Render project, using the most recent render settings, auto-close render dialog
Main	42232	Track: Bypass media playback offset
Main	42233	Track: Apply media playback offset to receive source tracks
Main	42234	Options: Show theme adjuster
Main	42235	Track: View routing and I/O for master track
Main	42237	Group: Select all tracks in group 33
Main	42238	Group: Select all tracks in group 34
Main	42239	Group: Select all tracks in group 35
Main	42240	Group: Select all tracks in group 36
Main	42241	Group: Select all tracks in group 37
Main	42242	Group: Select all tracks in group 38
Main	42243	Group: Select all tracks in group 39
Main	42244	Group: Select all tracks in group 40
Main	42245	Group: Select all tracks in group 41
Main	42246	Group: Select all tracks in group 42
Main	42247	Group: Select all tracks in group 43
Main	42248	Group: Select all tracks in group 44
Main	42249	Group: Select all tracks in group 45
Main	42250	Group: Select all tracks in group 46
Main	42251	Group: Select all tracks in group 47
Main	42252	Group: Select all tracks in group 48
Main	42253	Group: Select all tracks in group 49
Main	42254	Group: Select all tracks in group 50
Main	42255	Group: Select all tracks in group 51
Main	42256	Group: Select all tracks in group 52
Main	42257	Group: Select all tracks in group 53
Main	42258	Group: Select all tracks in group 54
Main	42259	Group: Select all tracks in group 55
Main	42260	Group: Select all tracks in group 56
Main	42261	Group: Select all tracks in group 57
Main	42262	Group: Select all tracks in group 58
Main	42263	Group: Select all tracks in group 59
Main	42264	Group: Select all tracks in group 60
Main	42265	Group: Select all tracks in group 61
Main	42266	Group: Select all tracks in group 62
Main	42267	Group: Select all tracks in group 63
Main	42268	Group: Select all tracks in group 64
Main	42291	Track templates: Insert at end of project
Main	42294	Peaks: Toggle spectrogram
Main	42295	Peaks: Toggle normal peaks + spectrogram
Main	42296	Peaks: Load spectrogram preset 1
Main	42297	Peaks: Load spectrogram preset 2
Main	42298	Peaks: Load spectrogram preset 3
Main	42299	Peaks: Load spectrogram preset 4
Main	42300	Peaks: Load spectrogram preset 5
Main	42301	Peaks: Show normal peaks
Main	42302	Spectrogram: Add spectral edit to item
Main	42303	Spectrogram: Toggle always show spectrogram for selected items
Main	42304	Grid: Toggle swing grid
Main	42305	Transport: Flash transport yellow on possible audio device underrun
Main	42306	Peaks: Scale peaks by square root (half of range is 12dB rather than 6dB)
Main	42307	Peaks: Rectify peaks
Main	42312	Item properties: Display item time ruler
Main	42313	Item properties: Display item source time ruler
Main	42314	Item properties: Display item time ruler in H:M:S:F format
Main	42315	Item properties: Display item beats ruler (constant time signature)
Main	42317	File: Save live output to disk (bounce), using the most recent bounce settings
Main	42320	Ruler: Set to default height
Main	42321	Ruler: Set to minimum height
Main	42322	Ruler: Set to maximum height
Main	42323	Ruler: Show/collapse all ruler lanes
Main	42324	Region/Marker manager: Show regions/markers in visible lanes only
Main	42325	Ruler: Display tempo and time signature changes in separate lanes (when size permits)
Main	42326	Ruler: Display tempo changes
Main	42327	Ruler: Display time signature changes
Main	42328	Ruler: Display region and marker lines in arrange view
Main	42329	Ruler: Display time signature lines in arrange view
Main	42330	Tempo envelope: Insert tempo marker at edit cursor, without opening tempo edit dialog
Main	42331	Grid: Divide arrange view vertically by measures
Main	42332	File: Save project and render RPP-PROX
Main	42333	Project tabs: Do not automatically render subprojects (require manual render)
Main	42334	Project tabs: Prompt before automatic rerender of background subprojects
Main	42335	FX: Show last focused FX embedded UI in TCP
Main	42336	Track: Lock/unlock track height
Main	42337	Item: Force transient-optimized mode for stretch markers
Main	42338	Item: Force balanced mode for stretch markers
Main	42339	Item: Force no pre-echo reduction mode for stretch markers
Main	42340	FX: Show all FX embedded UI in TCP (selected tracks)
Main	42341	FX: Hide all FX embedded UI in TCP (selected tracks)
Main	42342	FX: Show next single FX embedded UI in TCP (selected tracks)
Main	42343	FX: Show previous single FX embedded UI in TCP (selected tracks)
Main	42344	Options: Chase non-FX envelopes to automation items when underlying envelope is bypassed
Main	42345	Envelope: Chase non-FX envelope to automation items when underlying envelope is bypassed
Main	42346	File: Save copy of project (automatically increment project name)
Main	42347	File: Save copy of project as (prompt with incremented project name)...
Main	42348	Reset all MIDI control surface devices
Main	42349	Take: Cycle items to next take
Main	42350	Take: Cycle items to previous take
Main	42353	Items: Set all take FX offline for selected media items
Main	42354	Items: Set all take FX online for selected media items
Main	42355	Item properties: Item ruler settings...
Main	42356	Item: Toggle force media offline
Main	42357	Item: Toggle force inactive take media offline
Main	42358	Item properties: Display item source time ruler in H:M:S:F format
Main	42359	Item properties: Display item beats ruler (minimal, constant time signature)
Main	42360	View: Secondary time unit for ruler: None
Main	42361	View: Secondary time unit for ruler: Minutes:Seconds
Main	42362	View: Secondary time unit for ruler: Seconds
Main	42363	View: Secondary time unit for ruler: Samples
Main	42364	View: Secondary time unit for ruler: Hours:Minutes:Seconds:Frames
Main	42365	View: Secondary time unit for ruler: Absolute frames
Main	42366	Transport: Secondary time unit: None
Main	42367	Transport: Secondary time unit: Minutes:Seconds
Main	42368	Transport: Secondary time unit: Seconds
Main	42369	Transport: Secondary time unit: Samples
Main	42370	Transport: Secondary time unit: Hours:Minutes:Seconds:Frames
Main	42371	Transport: Secondary time unit: Absolute frames
Main	42372	FX: Show last focused FX embedded UI in MCP
Main	42373	View: Show TCP on right side of arrange
Main	42374	Item properties: Set item rate from user-supplied source media tempo/bpm...
Main	42375	Item properties: Set item timebase to beats (auto-stretch at tempo changes)
Main	42376	Media item: Clear and recalculate auto-stretch at project tempo changes
Main	42377	Media item: Add stretch markers at project tempo changes
Main	42378	MIDI: Clear retroactive MIDI history
Main	42380	Item: Convert embedded source transient information to transient guides
Main	42381	Envelopes: Move selected points up a tiny bit
Main	42382	Envelopes: Move selected points down a tiny bit
Main	42383	Automation lane: Increase active fader a tiny bit
Main	42384	Automation lane: Decrease active fader a tiny bit
Main	42385	Item: Add/edit take marker at play position or edit cursor
Main	42386	Item: Delete take marker at cursor
Main	42387	Item: Delete all take markers
Main	42388	Item: Add/edit take marker at mouse position
Main	42389	Item: Delete take marker at mouse position
Main	42390	Item: Quick add take marker at play position or edit cursor
Main	42391	Item: Quick add take marker at mouse position
Main	42392	Options: Show theme color controls
Main	42393	Item: Set cursor to previous take marker in selected items
Main	42394	Item: Set cursor to next take marker in selected items
Main	42395	Clear tempo envelope
Main	42397	File: Show project render metadata window
Main	42398	Item: Paste items/tracks
Main	42399	Razor edit: Move areas forwards without contents
Main	42400	Razor edit: Move areas backwards without contents
Main	42401	Mouse modifiers: Swap arrange view right-drag modifiers for marquee item selection and select razor edit area
Main	42402	Razor edit: Move areas up without contents
Main	42403	Razor edit: Move areas down without contents
Main	42404	Toolbar: Open/close media explorer toolbar
Main	42405	Toolbars: Switch to media explorer toolbar
Main	42406	Razor edit: Clear all areas
Main	42407	Create measure from time selection (detect tempo, try to create single measure)
Main	42409	Razor edit: Enclose media items, including space between items
Main	42411	Open selected item source media in explorer/finder
Main	42412	Razor edit: Create area from cursor to mouse
Main	42413	Track: 2nd pass render selected area of tracks to stereo post-fader stem tracks (and mute originals)
Main	42414	Track: 2nd pass render selected area of tracks to multichannel post-fader stem tracks (and mute originals)
Main	42415	Track: 2nd pass render selected area of tracks to mono post-fader stem tracks (and mute originals)
Main	42416	Track: 2nd pass render selected area of tracks to stereo stem tracks (and mute originals)
Main	42417	Track: 2nd pass render selected area of tracks to multichannel stem tracks (and mute originals)
Main	42418	Track: 2nd pass render selected area of tracks to mono stem tracks (and mute originals)
Main	42419	Item properties: Display item source time ruler, apply media source BWF start offset
Main	42420	Item properties: Display item source time ruler in H:M:S:F format, apply media source BWF start offset
Main	42421	Options: Always trim content behind razor edits (otherwise, follow media item editing preferences)
Main	42422	Track: Insert new 7.1 surround track, embed ReaSurroundPan in TCP
Main	42423	Track: Insert new 7.1.2 surround track, embed ReaSurroundPan in TCP
Main	42424	Track: Insert new 7.1.4 surround track, embed ReaSurroundPan in TCP
Main	42425	Track: Insert/display ReaSurroundPan in TCP
Main	42426	Track: Insert/display ReaSurroundPan in MCP
Main	42429	Item properties: Open media item take channel mapper for selected items
Main	42430	Track properties: Toggle fixed item lanes
Main	42431	Track properties: Set fixed item lanes
Main	42432	Item: Glue items within time selection
Main	42433	Item: Glue items, including leading fade-in and trailing fade-out
Main	42434	Item: Glue items (auto-increase channel count with take FX)
Main	42435	Ruler: Display region number even if region is named
Main	42436	Ruler: Display region number/name when region edge is not visible
Main	42437	Calculate loudness of selected items, including take and track FX and settings, via dry run render
Main	42438	Calculate loudness of selected tracks via dry run render
Main	42439	Calculate loudness of selected tracks within time selection via dry run render
Main	42440	Calculate loudness of master mix via dry run render
Main	42441	Calculate loudness of master mix within time selection via dry run render
Main	42442	Track: Set meters to stereo peaks
Main	42443	Track: Set meters to combined RMS
Main	42444	Track: Set meters to LUFS-M (momentary loudness)
Main	42445	Track: Set meters to LUFS-S (short-term loudness, readout=max)
Main	42446	Track: Set meters to stereo RMS
Main	42447	Calculate mono loudness of selected tracks via dry run render
Main	42448	Calculate mono loudness of selected tracks within time selection via dry run render
Main	42449	Peaks: Reset peaks display zoom for project
Main	42450	Track: Set meters to multichannel peaks
Main	42451	Track: Set meters to LUFS-S (short-term loudness, readout=current)
Main	42452	Track: LUFS measures first two channels only
Main	42453	Track: Move all media items to new hidden child track
Main	42454	Track: Move all media items from all hidden child tracks
Main	42455	FX: Toggle delta solo for last focused FX
Main	42456	Options: Set metronome speed to 1x
Main	42457	Options: Set metronome speed to 2x
Main	42458	Options: Set metronome speed to 4x
Main	42459	Options: Razor edits in media item lane affect all track envelopes
Main	42460	Item properties: Normalize items (peak/RMS/LUFS)...
Main	42461	Item properties: Normalize items using most recent settings
Main	42462	Item properties: Normalize items using most recent settings (reset to unity if already normalized)
Main	42463	Item properties: Normalize items using most recent settings (force normalize as if one long item)
Main	42464	Item properties: Normalize items using most recent settings (force normalize each item separately)
Main	42465	MIDI: Reload track support data (bank/program files, notation, etc) for all MIDI items on selected tracks
Main	42466	FX: Clear delta solo for all FX on selected tracks
Main	42467	FX: Clear delta solo for all project FX
Main	42468	Calculate loudness of selected items source media via dry run render
Main	42469	Track lanes: Select items in lane under mouse
Main	42471	Track lanes: Record into lane under mouse
Main	42472	Track lanes: Rename lane under mouse
Main	42473	Fixed lane comp area: Delete comp area but not media items
Main	42474	Razor edit: Set loop points to razor edit area
Main	42475	Razor edit: Create fixed lane comp area
Main	42476	Item: Set snap offset for item under mouse to mouse position
Main	42477	Options: Allow drag/drop media import to target the top part of a track to insert a new track to receive the media
Main	42478	Track lanes: Play only lane under mouse
Main	42479	Track lanes: Play all lanes for track under mouse
Main	42480	Track lanes: Toggle playing lane under mouse
Main	42481	Track lanes: Play only previous lane
Main	42482	Track lanes: Play only next lane
Main	42483	Track lanes: Play only previous lane for track under mouse
Main	42484	Track lanes: Play only next lane for track under mouse
Main	42486	Track lanes: Comp into new empty lane for track under mouse
Main	42487	Track lanes: Comp into a new copy of lane under mouse for track under mouse
Main	42490	Track lanes: Play no lanes for track under mouse
Main	42491	Fixed lane comp area: Move comp area at mouse up
Main	42492	Fixed lane comp area: Move comp area at mouse down
Main	42493	Fixed lane comp area: Move comp area at mouse to lane under mouse
Main	42495	Fixed lane comp area: Set loop points to comp area
Main	42496	Fixed lane comp area: Delete comp area edge
Main	42497	File: Open render statistics charts from most recent render in web browser
Main	42498	Razor edit: Move nearest area edge to edit cursor
Main	42499	Track lanes: Comp into lane under mouse for track under mouse
Main	42500	Track lanes: Insert empty lane at top of track
Main	42501	Track lanes: Delete lane at top of track (including media items)
Main	42504	Fixed lane comp area: Set loop points to comp area at mouse
Main	42505	Track lanes: Duplicate items from playing lanes to new lanes
Main	42506	Track lanes: Turn off comping for track under mouse
Main	42510	File: Open render statistics charts from most recent render in web browser (hide file paths)
Main	42511	Group: Enable group 01
Main	42512	Group: Enable group 02
Main	42513	Group: Enable group 03
Main	42514	Group: Enable group 04
Main	42515	Group: Enable group 05
Main	42516	Group: Enable group 06
Main	42517	Group: Enable group 07
Main	42518	Group: Enable group 08
Main	42519	Group: Enable group 09
Main	42520	Group: Enable group 10
Main	42521	Group: Enable group 11
Main	42522	Group: Enable group 12
Main	42523	Group: Enable group 13
Main	42524	Group: Enable group 14
Main	42525	Group: Enable group 15
Main	42526	Group: Enable group 16
Main	42527	Group: Enable group 17
Main	42528	Group: Enable group 18
Main	42529	Group: Enable group 19
Main	42530	Group: Enable group 20
Main	42531	Group: Enable group 21
Main	42532	Group: Enable group 22
Main	42533	Group: Enable group 23
Main	42534	Group: Enable group 24
Main	42535	Group: Enable group 25
Main	42536	Group: Enable group 26
Main	42537	Group: Enable group 27
Main	42538	Group: Enable group 28
Main	42539	Group: Enable group 29
Main	42540	Group: Enable group 30
Main	42541	Group: Enable group 31
Main	42542	Group: Enable group 32
Main	42543	Group: Enable group 33
Main	42544	Group: Enable group 34
Main	42545	Group: Enable group 35
Main	42546	Group: Enable group 36
Main	42547	Group: Enable group 37
Main	42548	Group: Enable group 38
Main	42549	Group: Enable group 39
Main	42550	Group: Enable group 40
Main	42551	Group: Enable group 41
Main	42552	Group: Enable group 42
Main	42553	Group: Enable group 43
Main	42554	Group: Enable group 44
Main	42555	Group: Enable group 45
Main	42556	Group: Enable group 46
Main	42557	Group: Enable group 47
Main	42558	Group: Enable group 48
Main	42559	Group: Enable group 49
Main	42560	Group: Enable group 50
Main	42561	Group: Enable group 51
Main	42562	Group: Enable group 52
Main	42563	Group: Enable group 53
Main	42564	Group: Enable group 54
Main	42565	Group: Enable group 55
Main	42566	Group: Enable group 56
Main	42567	Group: Enable group 57
Main	42568	Group: Enable group 58
Main	42569	Group: Enable group 59
Main	42570	Group: Enable group 60
Main	42571	Group: Enable group 61
Main	42572	Group: Enable group 62
Main	42573	Group: Enable group 63
Main	42574	Group: Enable group 64
Main	42575	Item: Split item under mouse cursor (no change selection)
Main	42577	Item: Split item under mouse cursor (select right)
Main	42578	Track: Create new track media/razor editing group for selected tracks
Main	42579	Track: Remove selected tracks from all track media/razor editing groups
Main	42580	Track: Automatically group all tracks for media/razor editing
Main	42581	Track: Automatically group selected tracks for media/razor editing
Main	42585	Track: Turn off automatic track grouping
Main	42587	Track lanes: Move items to top lane
Main	42588	Track lanes: Move items to bottom lane
Main	42589	Track: Render tracks to multichannel (parent send only) post-fader stem tracks (and mute originals)
Main	42590	Track: Render tracks to multichannel (parent send only) stem tracks (and mute originals)
Main	42591	Track: Render selected area of tracks to multichannel (parent send only) post-fader stem tracks (and mute originals)
Main	42592	Track: Render selected area of tracks to multichannel (parent send only) stem tracks (and mute originals)
Main	42593	Track: 2nd pass render selected area of tracks to multichannel (parent send only) post-fader stem tracks (and mute originals)
Main	42594	Track: 2nd pass render selected area of tracks to multichannel (parent send only) stem tracks (and mute originals)
Main	42595	Fixed lane comp area: Delete comp area edge at mouse
Main	42596	Tracks: Implode selected items across tracks to one fixed lane track
Main	42597	Track: Toggle allow editing media items while comping
Main	42598	Track: Toggle allow editing media items while comping for track at mouse
Main	42599	Fixed lane comp area: Add comp area between previous and next comp areas for lane at mouse
Main	42600	Fixed lane comp area: Split comp area at edit cursor
Main	42601	Options: Razor edits on collapsed fixed lane tracks affect all lanes
Main	42602	Fixed lane comp area: Split media items at comp area edges
Main	42603	Fixed lane comp area: Split media items at edges of comp area at mouse
Main	42606	Item: Remove active takes from ARA edit pool (unpool)
Main	42607	Item: Select all other media items that share pooled ARA edits with selected items
Main	42608	Item: Select all other media items that share the same source media as selected items
Main	42609	Item: Return active takes to ARA edit pool (re-pool)
Main	42610	Track properties: Show/hide fixed lane buttons
Main	42611	Move comp area at mouse down, or switch items to next take
Main	42612	Move comp area at mouse up, or switch items to previous take
Main	42613	Fixed lane comp area: Add comp area from mouse position to next area or end of media
Main	42615	Mouse modifiers: Set arrange view override mouse modifiers A
Main	42616	Mouse modifiers: Toggle arrange view override mouse modifiers A
Main	42617	Mouse modifiers: Set arrange view override mouse modifiers B
Main	42618	Mouse modifiers: Toggle arrange view override mouse modifiers B
Main	42619	Mouse modifiers: Set arrange view override mouse modifiers C
Main	42620	Mouse modifiers: Toggle arrange view override mouse modifiers C
Main	42621	Mouse modifiers: Clear arrange view override mouse modifiers
Main	42622	Mouse modifiers: Set arrange view override mouse modifiers A until next mouseup
Main	42623	Mouse modifiers: Set arrange view override mouse modifiers B until next mouseup
Main	42624	Mouse modifiers: Set arrange view override mouse modifiers C until next mouseup
Main	42626	Peaks: Force mono peaks
Main	42629	Track lanes: Delete source media within comp areas and re-comp
Main	42630	Razor edit: Enclose media items
Main	42631	Options: Toggle auto-fade/auto-crossfade when comping in fixed lanes
Main	42632	Mouse modifiers: Set arrange view override mouse modifiers D
Main	42633	Mouse modifiers: Toggle arrange view override mouse modifiers D
Main	42634	Mouse modifiers: Set arrange view override mouse modifiers D until next mouseup
Main	42635	Take: Explode takes on selected tracks to fixed lanes
Main	42636	Take: Explode takes on selected tracks to fixed lanes and add comp areas from active takes
Main	42637	Take: Implode selected fixed lane tracks to takes using best efforts (overlapping items may be shortened)
Main	42638	Track properties: Toggle show/play only one fixed item lane
Main	42639	Tracks: Explode selected items on fixed lane tracks to one new track per lane
Main	42640	Options: Preserve trailing values when recording automation
Main	42641	Fixed lane comp area: Split comp area at mouse position
Main	42642	Fixed lane comp area: Delete comp area
Main	42643	Fixed lane comp area: Delete comp area at mouse
Main	42644	Fixed lane comp area: Delete comp area at mouse but not media items
Main	42645	Track: Toggle comping
Main	42646	Track: Toggle comping for track at mouse
Main	42647	Track lanes: Add empty lane at bottom of track
Main	42648	Track lanes: Delete lane at bottom of track (including media items)
Main	42649	Track lanes: Comp into new empty lane for track under mouse, automatically creating comp areas
Main	42650	FX: Toggle map to container parameter for last touched FX parameter
Main	42652	Track lanes: Add comp areas for selected items
Main	42653	Project tabs: Display video from background projects if active project lacks video
Main	42654	Track lanes: Copy edited media items to new lane and re-comp for track under mouse
Main	42655	Item: Maximize height of selected items in free item positioning mode
Main	42657	Fixed lane comp area: Add comp area at time selection for lane at mouse
Main	42659	Track: Toggle automatically delete empty fixed lanes at bottom of track
Main	42660	Track properties: Toggle fixed item lanes (convert takes to lanes)
Main	42661	Track properties: Set fixed lanes (convert takes to lanes)
Main	42662	Track properties: Unset free item positioning/fixed item lanes (convert fixed lanes to takes)
Main	42663	ReaScript: Show ReaScript console
Main	42664	ReaScript: Clear contents of ReaScript console
Main	42665	Track: Insert visual spacer before tracks
Main	42666	Track: Insert visual spacer after tracks
Main	42667	Track: Remove visual spacer before tracks
Main	42668	Track: Remove visual spacer after tracks
Main	42669	Track: Insert visual spacer before and after tracks
Main	42670	Track: Remove track spacers
Main	42671	Track: Insert visual spacer before last touched track
Main	42672	Track: Insert visual spacer after last touched track
Main	42673	Track: Remove visual spacer before last touched track
Main	42674	Track: Remove visual spacer after last touched track
Main	42675	Track: Toggle automatically creating comp areas for new recording while comping
Main	42676	Track lanes: Delete lane under mouse (including media items)
Main	42677	Options: New recording adds media items in layers
Main	42678	View: Show envelope manager window
Main	42679	Regions: Select/unselect all regions for rendering
Main	42680	Item: Up-rank active take or last recording pass
Main	42681	Item: Down-rank active take or last recording pass
Main	42682	Item: Delete takes that are down-ranked (no confirm)
Main	42683	Track lanes: Delete comp areas (including source media) for track under mouse
Main	42684	Track lanes: Delete source media within comp areas and re-comp for track under mouse
Main	42685	Item: Apply first track FX to items
Main	42686	Item: Apply first take FX to items
Main	42687	Item: Apply first track FX to items (mono output)
Main	42688	Item: Apply first take FX to items (mono output)
Main	42689	Track lanes: Delete empty lanes with no media items
Main	42690	Track lanes: Delete lanes (including media items) with no comp areas
Main	42691	Track lanes: Delete lanes (including media items) that are not playing
Main	42692	Track lanes: Turn off comping
Main	42693	Item: Set all media item takes that share the same source media to the same random color
Main	42694	Tracks: Copy items on currently-playing lanes on selected fixed lane tracks to one new track per lane
Main	42695	Tracks: Explode items on selected fixed lane tracks to one new track per lane
Main	42696	Track: Show/hide children of selected folder tracks in TCP
Main	42697	View: Toggle track zoom to default height
Main	42698	View: Cycle track zoom between minimum, default, and maximum height (limit to 100% of arrange view)
Main	42699	Options: Do not display tracks in folder when folder is fully collapsed
Main	42700	View: Toggle track zoom to maximum height (even if over 100% of arrange view)
Main	42701	View: Cycle track zoom between minimum, default, and maximum height (even if over 100% of arrange view)
Main	42702	Options: Toggle new recording adds lanes (new lanes play exclusively)
Main	42703	Track lanes: Reset all lane names for track under mouse
Main	42704	Track properties: Toggle fixed item lanes big/small
Main	42705	Track: Display gain reduction in track meters for plug-ins that support it
Main	42707	Fixed lane comp area: Move comp area up for selected items
Main	42708	Fixed lane comp area: Move comp area down for selected items
Main	42711	Fixed lane comp area: Set loop points to comp area at mouse (half second preroll/postroll)
Main	42712	Fixed lane comp area: Set loop points to comp area at mouse (one second preroll/postroll)
Main	42713	Toolbar: Open/close toolbar 17
Main	42714	Toolbar: Open/close toolbar 18
Main	42715	Toolbar: Open/close toolbar 19
Main	42716	Toolbar: Open/close toolbar 20
Main	42717	Toolbar: Open/close toolbar 21
Main	42718	Toolbar: Open/close toolbar 22
Main	42719	Toolbar: Open/close toolbar 23
Main	42720	Toolbar: Open/close toolbar 24
Main	42721	Toolbar: Open/close toolbar 25
Main	42722	Toolbar: Open/close toolbar 26
Main	42723	Toolbar: Open/close toolbar 27
Main	42724	Toolbar: Open/close toolbar 28
Main	42725	Toolbar: Open/close toolbar 29
Main	42726	Toolbar: Open/close toolbar 30
Main	42727	Toolbar: Open/close toolbar 31
Main	42728	Toolbar: Open/close toolbar 32
Main	42729	Toolbars: Switch to toolbar 17
Main	42730	Toolbars: Switch to toolbar 18
Main	42731	Toolbars: Switch to toolbar 19
Main	42732	Toolbars: Switch to toolbar 20
Main	42733	Toolbars: Switch to toolbar 21
Main	42734	Toolbars: Switch to toolbar 22
Main	42735	Toolbars: Switch to toolbar 23
Main	42736	Toolbars: Switch to toolbar 24
Main	42737	Toolbars: Switch to toolbar 25
Main	42738	Toolbars: Switch to toolbar 26
Main	42739	Toolbars: Switch to toolbar 27
Main	42740	Toolbars: Switch to toolbar 28
Main	42741	Toolbars: Switch to toolbar 29
Main	42742	Toolbars: Switch to toolbar 30
Main	42743	Toolbars: Switch to toolbar 31
Main	42744	Toolbars: Switch to toolbar 32
Main	42745	Toolbar: Open/close MIDI toolbar 9
Main	42746	Toolbar: Open/close MIDI toolbar 10
Main	42747	Toolbar: Open/close MIDI toolbar 11
Main	42748	Toolbar: Open/close MIDI toolbar 12
Main	42749	Toolbar: Open/close MIDI toolbar 13
Main	42750	Toolbar: Open/close MIDI toolbar 14
Main	42751	Toolbar: Open/close MIDI toolbar 15
Main	42752	Toolbar: Open/close MIDI toolbar 16
Main	42753	Toolbars: Switch to MIDI toolbar 9
Main	42754	Toolbars: Switch to MIDI toolbar 10
Main	42755	Toolbars: Switch to MIDI toolbar 11
Main	42756	Toolbars: Switch to MIDI toolbar 12
Main	42757	Toolbars: Switch to MIDI toolbar 13
Main	42758	Toolbars: Switch to MIDI toolbar 14
Main	42759	Toolbars: Switch to MIDI toolbar 15
Main	42760	Toolbars: Switch to MIDI toolbar 16
Main	42761	Toolbar: Open toolbar 17 at mouse cursor
Main	42762	Toolbar: Open toolbar 18 at mouse cursor
Main	42763	Toolbar: Open toolbar 19 at mouse cursor
Main	42764	Toolbar: Open toolbar 20 at mouse cursor
Main	42765	Toolbar: Open toolbar 21 at mouse cursor
Main	42766	Toolbar: Open toolbar 22 at mouse cursor
Main	42767	Toolbar: Open toolbar 23 at mouse cursor
Main	42768	Toolbar: Open toolbar 24 at mouse cursor
Main	42769	Toolbar: Open toolbar 25 at mouse cursor
Main	42770	Toolbar: Open toolbar 26 at mouse cursor
Main	42771	Toolbar: Open toolbar 27 at mouse cursor
Main	42772	Toolbar: Open toolbar 28 at mouse cursor
Main	42773	Toolbar: Open toolbar 29 at mouse cursor
Main	42774	Toolbar: Open toolbar 30 at mouse cursor
Main	42775	Toolbar: Open toolbar 31 at mouse cursor
Main	42776	Toolbar: Open toolbar 32 at mouse cursor
Main	42777	Toolbar: Open MIDI toolbar 9 at mouse cursor
Main	42778	Toolbar: Open MIDI toolbar 10 at mouse cursor
Main	42779	Toolbar: Open MIDI toolbar 11 at mouse cursor
Main	42780	Toolbar: Open MIDI toolbar 12 at mouse cursor
Main	42781	Toolbar: Open MIDI toolbar 13 at mouse cursor
Main	42782	Toolbar: Open MIDI toolbar 14 at mouse cursor
Main	42783	Toolbar: Open MIDI toolbar 15 at mouse cursor
Main	42784	Toolbar: Open MIDI toolbar 16 at mouse cursor
Main	42785	Track: Move tracks to new folder
Main	42786	Track: Move tracks to folder...
Main	42787	Track lanes: Move items down to first available lane, add lane if needed
Main	42788	Options: Track media/razor edit grouping affects items that start and end at the same time
Main	42789	Track lanes: Delete comp areas for track under mouse
Main	42790	Track lanes: Play only first lane
Main	42791	Track lanes: Play only first lane for track under mouse
Main	42792	Transport: Secondary time unit: Measures.Beats
Main	42793	Options: When auto-punch recording into a fixed lane track, add the whole recording
Main	42794	Options: Allow changing comp area source lane when clicking empty track space
Main	42795	Options: Allow including empty track space in comp areas
Main	42796	Track lanes: Delete all lanes (including media items)
Main	42797	Track lanes: Comp into new empty lane
Main	42798	Track lanes: Comp into new empty lane, automatically creating comp areas
Main	42799	Track lanes: Play all lanes
Main	42800	Track lanes: Play no lanes
Main	42801	Track lanes: Reset all lane names
Main	42802	Track lanes: Copy edited media items with no matching source lane to new lane and re-comp
Main	42803	Options: Allow reordering/empty slots in TCP/MCP send lists
Main	42933	Track lanes: Delete all lanes except lane under mouse for track under mouse (including media items)
Main	42938	Track lanes: Move items up if possible to minimize lane usage (preserve relative lane positions)
Main	42940	Track lanes: Media items in higher numbered lanes mask playback of lower lanes for track under mouse
Main	42941	Track lanes: Media items in higher numbered lanes mask playback of lower lanes
Main	42942	Track: Crop to playing media items for track under mouse
Main	42943	Track: Crop to playing media items
Main	42944	Track: Crop to playing media items, preserving fixed lanes, for track under mouse
Main	42945	Track: Crop to playing media items, preserving fixed lanes
Main	42946	Track: Copy playing media items to new track for track under mouse
Main	42947	Track: Copy playing media items to new track
Main	42949	Track lanes: Copy edited media item back to source lane and re-comp for track under mouse
Main	42950	Track lanes: Discard media item edits and re-comp from source lane for track under mouse
Main	42951	Edit: Dynamic split items using most recent settings
Main	42952	Track lanes: Refresh out-of-sync comp areas for track under mouse
Main	42953	Track lanes: Delete empty comp areas for track under mouse
Main	42954	Track lanes: Delete empty comp areas
Main	42955	Track lanes: Delete comp areas
Main	42956	Track lanes: Delete comp areas (including source media)
Main	42957	Razor edit: Select media items within razor edit area
Main	42959	Track lanes: Move items up if possible to minimize lane usage
Main	42960	Track: Exit fixed lane view for all fixed lane tracks in the project
Main	42961	Track: Show only one lane for all fixed lane tracks in the project that have only one lane playing
Main	42962	Track: Set small fixed lanes for all fixed lane tracks in the project
Main	42963	Track: Set big fixed lanes for all fixed lane tracks in the project
Main	42964	Move edit cursor to left edge of visible arrange view
Main	43093	Track: Insert new track as first track
Main	43094	Item properties: Set MIDI items to use current tempo and ignore project tempo changes, set item timebase to time
Main	43095	Item properties: Set MIDI items to follow project tempo changes, set item timebase to beats (position, length, rate)
Main	43096	Item properties: Set MIDI items to use current tempo and ignore project tempo changes, set item timebase to beats (position only)
Main	43097	Options: Razor edits on small fixed lane tracks affect all lanes
Main	43098	Track properties: Show/play only one fixed item lane
Main	43099	Track properties: Show/play all fixed item lanes
Main	43100	Track properties: Make fixed item lanes small
Main	43101	Track properties: Make fixed item lanes big
Main	43102	Regions: Set loop points to current region
Main	43103	Regions: Set loop points to previous region
Main	43144	Regions: Set loop points to next region
Main	43145	Peaks: Toggle color peaks by momentary loudness (LUFS-M)
Main	43146	Peaks: Toggle show graph of momentary loudness (LUFS-M)
Main	43147	Peaks: Toggle color peaks by short-term loudness (LUFS-S)
Main	43148	Peaks: Toggle show graph of short-term loudness (LUFS-S)
Main	43149	Options: Show peak value tooltips on media items (and loudness, if peaks are configured to calculate it)
Main	43150	FX: Toggle preference: Auto-bypass FX that require PDC on record arm-affected tracks
Main	43151	Options: New recording adds lanes in layers (multiple lanes play at once)
Main	43152	Options: New recording adds lanes (new lanes play exclusively)
Main	43153	Options: New recording does not add lanes
Main	43154	Item: Import media cues as take markers
Main	43155	Item: Up-rank take or comp area under mouse
Main	43156	Item: Down-rank take or comp area under mouse
Main	43157	Item: Up-rank take marker at play position or edit cursor
Main	43158	Item: Down-rank take marker at play position or edit cursor
Main	43159	Item: Up-rank take marker at mouse position
Main	43160	Item: Down-rank take marker at mouse position
Main	43161	Item: Clear up-rank/down-rank markers
Main	43162	Item: Clear up-rank/down-rank markers for take under mouse
Main	43163	Item: Delete takes for item under mouse that are down-ranked (no confirm)
Main	43164	Item: Delete takes for item under mouse that are not up-ranked (no confirm)
Main	43165	Track: Clear up-rank/down-rank markers for all items on track
Main	43166	Track: Delete takes for all items on track that are not up-ranked (no confirm)
Main	43167	Track: Delete takes for all items on track that are down-ranked (no confirm)
Main	43168	Item: Split at take markers (active take only)
Main	43169	Item: Split at take markers for item under mouse (active take only)
Main	43170	Item: Split at take markers for all items on track (active takes only)
Main	43171	Item: Split at take markers (all takes)
Main	43172	Item: Split at take markers for item under mouse (all takes)
Main	43173	Item: Split at take markers for all items on track (all takes)
Main	43174	Item: Up-rank take marker at 1 second before play position, or at edit cursor if not playing back
Main	43175	Item: Down-rank take marker at 1 second before play position, or at edit cursor if not playing back
Main	43176	Item: Up-rank take marker at 2 seconds before play position, or at edit cursor if not playing back
Main	43177	Item: Down-rank take marker at 2 seconds before play position, or at edit cursor if not playing back
Main	43178	Item: Split items at edit cursor (select left)
Main	43179	Item: Split item under mouse cursor (select left)
Main	43180	Item: Split item under mouse cursor (ignore grouping, select left)
Main	43181	Item: Add/edit take marker at time selection
Main	43182	Item: Delete take markers in time selection
Main	43183	Item: Up-rank take marker at time selection
Main	43184	Item: Down-rank take marker at time selection
Main	43185	View: Toggle show TCP area
Main	43188	View: Toggle to alternate TCP area width (alternate is zero by default)
Main	43191	Options: Crossfade left when splitting
Main	43192	Options: Crossfade right when splitting
Main	43193	Options: Crossfade center when splitting
Main	43194	View: Toggle display mouse position indicator vertical line in arrange view
Main	43195	Options: Respect toolbar auto-crossfade button on split
Main	43196	Options: Cycle split options: Crossfade left, crossfade center, crossfade right, no crossfade
Main	43197	Item: Cycle through up-rank/down-rank levels for active take or last recording pass
Main	43198	Item: Cycle through up-rank/down-rank levels for take or comp area under mouse
Main	43199	Item: Cycle through up-rank/down-rank levels for take marker at play position or edit cursor
Main	43200	Item: Cycle through up-rank/down-rank levels for take marker at mouse position
Main	43201	Item: Cycle through up-rank/down-rank levels for take marker at time selection
Main	43202	Item: Clear up-rank/down-rank markers within time selection
Main	43203	View: If displayed, toggle mouse position indicator vertical line respects toolbar snap button
Main	43204	View: Time unit for ruler: Minutes:Seconds (minimal)
Main	43205	View: Time unit for ruler: Measures.Fractions
Main	43206	Show render path in explorer
Main	43207	Peaks: Toggle show spectral peaks and graph of momentary loudness (LUFS-M)
Main	43208	Peaks: Toggle show spectral peaks and graph of short-term loudness (LUFS-S)
Main	43209	Peaks: Toggle spectral peaks + spectrogram
Main	43210	Loop points: Move start point to cursor (preserve length)
Main	43211	Loop points: Move end point to cursor (preserve length)
Main	43212	Time selection: Move start point to cursor (preserve length)
Main	43213	Time selection: Move end point to cursor (preserve length)
Main	43214	Group: Select all tracks in group 65
Main	43215	Group: Select all tracks in group 66
Main	43216	Group: Select all tracks in group 67
Main	43217	Group: Select all tracks in group 68
Main	43218	Group: Select all tracks in group 69
Main	43219	Group: Select all tracks in group 70
Main	43220	Group: Select all tracks in group 71
Main	43221	Group: Select all tracks in group 72
Main	43222	Group: Select all tracks in group 73
Main	43223	Group: Select all tracks in group 74
Main	43224	Group: Select all tracks in group 75
Main	43225	Group: Select all tracks in group 76
Main	43226	Group: Select all tracks in group 77
Main	43227	Group: Select all tracks in group 78
Main	43228	Group: Select all tracks in group 79
Main	43229	Group: Select all tracks in group 80
Main	43230	Group: Select all tracks in group 81
Main	43231	Group: Select all tracks in group 82
Main	43232	Group: Select all tracks in group 83
Main	43233	Group: Select all tracks in group 84
Main	43234	Group: Select all tracks in group 85
Main	43235	Group: Select all tracks in group 86
Main	43236	Group: Select all tracks in group 87
Main	43237	Group: Select all tracks in group 88
Main	43238	Group: Select all tracks in group 89
Main	43239	Group: Select all tracks in group 90
Main	43240	Group: Select all tracks in group 91
Main	43241	Group: Select all tracks in group 92
Main	43242	Group: Select all tracks in group 93
Main	43243	Group: Select all tracks in group 94
Main	43244	Group: Select all tracks in group 95
Main	43245	Group: Select all tracks in group 96
Main	43246	Group: Select all tracks in group 97
Main	43247	Group: Select all tracks in group 98
Main	43248	Group: Select all tracks in group 99
Main	43249	Group: Select all tracks in group 100
Main	43250	Group: Select all tracks in group 101
Main	43251	Group: Select all tracks in group 102
Main	43252	Group: Select all tracks in group 103
Main	43253	Group: Select all tracks in group 104
Main	43254	Group: Select all tracks in group 105
Main	43255	Group: Select all tracks in group 106
Main	43256	Group: Select all tracks in group 107
Main	43257	Group: Select all tracks in group 108
Main	43258	Group: Select all tracks in group 109
Main	43259	Group: Select all tracks in group 110
Main	43260	Group: Select all tracks in group 111
Main	43261	Group: Select all tracks in group 112
Main	43262	Group: Select all tracks in group 113
Main	43263	Group: Select all tracks in group 114
Main	43264	Group: Select all tracks in group 115
Main	43265	Group: Select all tracks in group 116
Main	43266	Group: Select all tracks in group 117
Main	43267	Group: Select all tracks in group 118
Main	43268	Group: Select all tracks in group 119
Main	43269	Group: Select all tracks in group 120
Main	43270	Group: Select all tracks in group 121
Main	43271	Group: Select all tracks in group 122
Main	43272	Group: Select all tracks in group 123
Main	43273	Group: Select all tracks in group 124
Main	43274	Group: Select all tracks in group 125
Main	43275	Group: Select all tracks in group 126
Main	43276	Group: Select all tracks in group 127
Main	43277	Group: Select all tracks in group 128
Main	43278	Group: Enable group 65
Main	43279	Group: Enable group 66
Main	43280	Group: Enable group 67
Main	43281	Group: Enable group 68
Main	43282	Group: Enable group 69
Main	43283	Group: Enable group 70
Main	43284	Group: Enable group 71
Main	43285	Group: Enable group 72
Main	43286	Group: Enable group 73
Main	43287	Group: Enable group 74
Main	43288	Group: Enable group 75
Main	43289	Group: Enable group 76
Main	43290	Group: Enable group 77
Main	43291	Group: Enable group 78
Main	43292	Group: Enable group 79
Main	43293	Group: Enable group 80
Main	43294	Group: Enable group 81
Main	43295	Group: Enable group 82
Main	43296	Group: Enable group 83
Main	43297	Group: Enable group 84
Main	43298	Group: Enable group 85
Main	43299	Group: Enable group 86
Main	43300	Group: Enable group 87
Main	43301	Group: Enable group 88
Main	43302	Group: Enable group 89
Main	43303	Group: Enable group 90
Main	43304	Group: Enable group 91
Main	43305	Group: Enable group 92
Main	43306	Group: Enable group 93
Main	43307	Group: Enable group 94
Main	43308	Group: Enable group 95
Main	43309	Group: Enable group 96
Main	43310	Group: Enable group 97
Main	43311	Group: Enable group 98
Main	43312	Group: Enable group 99
Main	43313	Group: Enable group 100
Main	43314	Group: Enable group 101
Main	43315	Group: Enable group 102
Main	43316	Group: Enable group 103
Main	43317	Group: Enable group 104
Main	43318	Group: Enable group 105
Main	43319	Group: Enable group 106
Main	43320	Group: Enable group 107
Main	43321	Group: Enable group 108
Main	43322	Group: Enable group 109
Main	43323	Group: Enable group 110
Main	43324	Group: Enable group 111
Main	43325	Group: Enable group 112
Main	43326	Group: Enable group 113
Main	43327	Group: Enable group 114
Main	43328	Group: Enable group 115
Main	43329	Group: Enable group 116
Main	43330	Group: Enable group 117
Main	43331	Group: Enable group 118
Main	43332	Group: Enable group 119
Main	43333	Group: Enable group 120
Main	43334	Group: Enable group 121
Main	43335	Group: Enable group 122
Main	43336	Group: Enable group 123
Main	43337	Group: Enable group 124
Main	43338	Group: Enable group 125
Main	43339	Group: Enable group 126
Main	43340	Group: Enable group 127
Main	43341	Group: Enable group 128
Main	43342	File: Open render statistics charts from most recent render in web browser (hide project regions/markers)
Main	43343	File: Open render statistics charts from most recent render in web browser (hide file paths and project regions/markers)
Main	43344	Item properties: Normalize items using most recent settings (force normalize to loudest item)
Main	43345	Ruler: Set 0:00 to current edit cursor
Main	43346	Ruler: Reset project start time
Main	43347	Ruler: Set measure 1 to nearest measure to current edit cursor
Main	43348	Ruler: Reset project start measure
Main	43349	File: Dry run render project, using the most recent render settings
Main	43354	Transport: Play (solo selected items)
Main	43355	Transport: Play (stop at end of selected items, ignore loop selection)
Main	43401	Toolbars: Show toolbar 1 as menu
Main	43402	Toolbars: Show toolbar 2 as menu
Main	43403	Toolbars: Show toolbar 3 as menu
Main	43404	Toolbars: Show toolbar 4 as menu
Main	43405	Toolbars: Show toolbar 5 as menu
Main	43406	Toolbars: Show toolbar 6 as menu
Main	43407	Toolbars: Show toolbar 7 as menu
Main	43408	Toolbars: Show toolbar 8 as menu
Main	43409	Toolbars: Show toolbar 9 as menu
Main	43410	Toolbars: Show toolbar 10 as menu
Main	43411	Toolbars: Show toolbar 11 as menu
Main	43412	Toolbars: Show toolbar 12 as menu
Main	43413	Toolbars: Show toolbar 13 as menu
Main	43414	Toolbars: Show toolbar 14 as menu
Main	43415	Toolbars: Show toolbar 15 as menu
Main	43416	Toolbars: Show toolbar 16 as menu
Main	43417	Toolbars: Show toolbar 17 as menu
Main	43418	Toolbars: Show toolbar 18 as menu
Main	43419	Toolbars: Show toolbar 19 as menu
Main	43420	Toolbars: Show toolbar 20 as menu
Main	43421	Toolbars: Show toolbar 21 as menu
Main	43422	Toolbars: Show toolbar 22 as menu
Main	43423	Toolbars: Show toolbar 23 as menu
Main	43424	Toolbars: Show toolbar 24 as menu
Main	43425	Toolbars: Show toolbar 25 as menu
Main	43426	Toolbars: Show toolbar 26 as menu
Main	43427	Toolbars: Show toolbar 27 as menu
Main	43428	Toolbars: Show toolbar 28 as menu
Main	43429	Toolbars: Show toolbar 29 as menu
Main	43430	Toolbars: Show toolbar 30 as menu
Main	43431	Toolbars: Show toolbar 31 as menu
Main	43432	Toolbars: Show toolbar 32 as menu
Main	43433	Toolbars: Show MIDI toolbar 1 as menu
Main	43434	Toolbars: Show MIDI toolbar 2 as menu
Main	43435	Toolbars: Show MIDI toolbar 3 as menu
Main	43436	Toolbars: Show MIDI toolbar 4 as menu
Main	43437	Toolbars: Show MIDI toolbar 5 as menu
Main	43438	Toolbars: Show MIDI toolbar 6 as menu
Main	43439	Toolbars: Show MIDI toolbar 7 as menu
Main	43440	Toolbars: Show MIDI toolbar 8 as menu
Main	43441	Toolbars: Show MIDI toolbar 9 as menu
Main	43442	Toolbars: Show MIDI toolbar 10 as menu
Main	43443	Toolbars: Show MIDI toolbar 11 as menu
Main	43444	Toolbars: Show MIDI toolbar 12 as menu
Main	43445	Toolbars: Show MIDI toolbar 13 as menu
Main	43446	Toolbars: Show MIDI toolbar 14 as menu
Main	43447	Toolbars: Show MIDI toolbar 15 as menu
Main	43448	Toolbars: Show MIDI toolbar 16 as menu
Main	43461	Project: Set project timebase to time
Main	43462	Project: Set project timebase to beats (position, length, rate)
Main	43463	Project: Set project timebase to beats (position only)
Main	43464	Set project recording tag... ($rectag wildcard)
Main	43465	Clear project recording tag ($rectag wildcard)
Main	43466	Item edit: Phase alignment...
Main	43467	Options: Ripple per-track affects each track lane separately
Main	43468	Options: Ripple per-track when ripple is enabled
Main	43469	Options: Ripple all tracks when ripple is enabled
Main	43475	Options: Ripple edit when editing media item edges
Main	43484	Ruler: Show/hide selected project markers
Main	43485	Ruler: Show/hide all project markers
Main	43486	Ruler: Show/hide selected project regions
Main	43487	Ruler: Show/hide all project regions
Main	43488	Ruler: Show/hide selected project regions and markers
Main	43489	Ruler: Show/hide all project regions and markers
Main	43492	Ruler: Rename ruler lane 1
Main	43493	Ruler: Rename ruler lane 2
Main	43494	Ruler: Rename ruler lane 3
Main	43495	Ruler: Rename ruler lane 4
Main	43496	Ruler: Rename ruler lane 5
Main	43497	Ruler: Rename ruler lane 6
Main	43498	Ruler: Rename ruler lane 7
Main	43499	Ruler: Rename ruler lane 8
Main	43500	Ruler: Rename ruler lane 9
Main	43501	Ruler: Rename ruler lane 10
Main	43502	Ruler: Rename ruler lane 11
Main	43503	Ruler: Rename ruler lane 12
Main	43504	Ruler: Rename ruler lane 13
Main	43505	Ruler: Rename ruler lane 14
Main	43506	Ruler: Rename ruler lane 15
Main	43507	Ruler: Rename ruler lane 16
Main	43508	Ruler: Show/hide ruler lane 1
Main	43509	Ruler: Show/hide ruler lane 2
Main	43510	Ruler: Show/hide ruler lane 3
Main	43511	Ruler: Show/hide ruler lane 4
Main	43512	Ruler: Show/hide ruler lane 5
Main	43513	Ruler: Show/hide ruler lane 6
Main	43514	Ruler: Show/hide ruler lane 7
Main	43515	Ruler: Show/hide ruler lane 8
Main	43516	Ruler: Show/hide ruler lane 9
Main	43517	Ruler: Show/hide ruler lane 10
Main	43518	Ruler: Show/hide ruler lane 11
Main	43519	Ruler: Show/hide ruler lane 12
Main	43520	Ruler: Show/hide ruler lane 13
Main	43521	Ruler: Show/hide ruler lane 14
Main	43522	Ruler: Show/hide ruler lane 15
Main	43523	Ruler: Show/hide ruler lane 16
Main	43524	Ruler: Delete ruler lane 1
Main	43525	Ruler: Delete ruler lane 2
Main	43526	Ruler: Delete ruler lane 3
Main	43527	Ruler: Delete ruler lane 4
Main	43528	Ruler: Delete ruler lane 5
Main	43529	Ruler: Delete ruler lane 6
Main	43530	Ruler: Delete ruler lane 7
Main	43531	Ruler: Delete ruler lane 8
Main	43532	Ruler: Delete ruler lane 9
Main	43533	Ruler: Delete ruler lane 10
Main	43534	Ruler: Delete ruler lane 11
Main	43535	Ruler: Delete ruler lane 12
Main	43536	Ruler: Delete ruler lane 13
Main	43537	Ruler: Delete ruler lane 14
Main	43538	Ruler: Delete ruler lane 15
Main	43539	Ruler: Delete ruler lane 16
Main	43540	Ruler: Add ruler lane...
Main	43541	Ruler: Quick add ruler lane
Main	43542	Ruler: Ruler lane manager...
Main	43543	Region/Marker manager: Show regions
Main	43544	Region/Marker manager: Show markers
Main	43561	Automation: Save and clear all track envelope latches 
Main	43562	Automation: Restore all saved track envelope latches
Main	43563	Automation: Save and clear track envelope latches
Main	43564	Automation: Restore saved track envelope latches
Main	43565	Automation: Save and clear all track envelope latches if any, otherwise restore saved latches
Main	43566	Automation: Save and clear track envelope latches if any, otherwise restore saved latches
Main	43567	Options: Ripple edit all affects envelopes on all tracks
Main	43568	Automation: Clear all saved track envelope latches
Main	43569	Automation: Clear saved track envelope latches
Main	43570	Project: Set tempo/time signature envelope timebase to time
Main	43571	Project: Set tempo/time signature envelope timebase to beats
Main	43572	Project: Set tempo/time signature envelope timebase to beats for time signature, time for tempo
Main	43573	Track: Override/unpin all pinned tracks in TCP
Main	43574	Track: Override/show all hidden tracks in TCP
Main	43575	Track: Show/hide all pinned tracks in TCP
Main	43576	Track: Show/hide all pinned tracks in TCP (ignore master)
Main	43578	File: Save copy of project as (prompt with current name)...
Main	43580	Markers: Insert marker at mouse position ignoring snap
Main	43581	Markers: Insert and/or edit marker at mouse position ignoring snap
Main	43582	Markers: Insert marker at mouse position
Main	43583	Markers: Insert and/or edit marker at mouse position
Main	43584	Markers: Quick-add or edit marker at current position
Main	43585	Markers: Quick-add or edit marker at mouse position
Main	43586	Markers: Quick-add or edit marker at mouse position ignoring snap
Main	43587	Ruler: Collapse ruler lanes when ruler is too small to display them
Main	43588	Envelope: Remove unnecessary points
Main	43589	Envelope: Remove unnecessary points within time selection
Main	43590	Envelope: Remove unnecessary selected points
Main	43593	Scrub: Toggle preference for one-shot segment scrub when moving edit cursor
Main	43594	Scrub: Play one one-shot segment scrub at edit cursor
Main	43614	View: Move cursor left by grid division
Main	43615	View: Move cursor right by grid division
Main	43617	Scrub: Invert looped-segment scrub range
Main	43631	Options: Solo via dedicated solo bus (preference, master outputs can be set to bypass solo bus)
Main	43632	Scrub: Prompt to edit looped-segment scrub range
Main	43636	Options: Move take envelope points when moving media item contents
Main	43637	Project: Toggle project timebase to time
Main	43638	Options: Track media/razor edit grouping affects items that start or end at the same time
Main	43639	Options: Track media/razor edit grouping affects items that are enclosed by the edited item
Main	43640	Project: Set project timebase to beats (auto-stretch at tempo changes)
Main	43641	Project: Project timebase affects MIDI items
Main	43642	View: Toggle show/hide media item timebase buttons
Main	43643	View: Toggle show/hide media item timebase buttons if overridden for the track or item
Main	43645	File: Duplicate project in new tab...
Main	43647	Track: Move tracks up
Main	43648	Track: Move tracks down
Main	43651	Options: Toggle display group names/colors in arrange view
Main	43652	Options: Enable display group names/colors in arrange view
Main	43653	Options: Disable display group names/colors in arrange view
Main	43654	Items: Set group color for selected items...
Main	43655	Items: Set group to random color for selected items
Main	43656	Items: Set group name for selected items...
Main	43672	Track: Hide envelope, display previous envelope on same track (cycle)
Main	43673	Insert/import media files from directory...
Main	43674	Peaks: Increase peaks display zoom 2x for project
Main	43675	Peaks: Decrease peaks display zoom 0.5x for project
Main	43676	Toolbar: Customize empty TCP area toolbar...
Main	43677	View: Toggle track zoom to minimum height (ignore pinned tracks)
Main	43678	View: Toggle track zoom to default height (ignore pinned tracks)
Main	43679	Spectrogram: Show high resolution spectrogram when zoomed-in
Main	43680	Spectrogram: Bypass selected spectral edits
Main	43681	Spectrogram: Solo selected spectral edits
Main	43682	Spectrogram: Adjust gain of selected spectral edits by +0.5 dB
Main	43683	Spectrogram: Adjust gain of selected spectral edits by -0.5 dB
Main	43684	Spectrogram: Adjust gain of selected spectral edits by +3 dB
Main	43685	Spectrogram: Adjust gain of selected spectral edits by -3 dB
Main	43686	Spectrogram: Reset gain of selected spectral edits to +0 dB
Main	43687	Spectrogram: Delete selected spectral edits
Main	43688	Spectrogram: Show selected spectral edit configuration menu
Main	43689	FX: Set all FX online one at a time
Main	43690	Options: Ripple edit all affects regions/markers
Main	43691	Items: Set take FX offline for all inactive takes in the project
Main	43692	Items: Set take FX online for all active takes in the project
Main	43693	Items: Set take FX online if active, offline if inactive for all takes in the project
Main	43696	Item: Lock all items on selected tracks
Main	43697	File: Choose project(s) to open...
Main	43698	FX: Delete all track FX on selected tracks
Main	43701	Track lanes: Play only most recently playing lane
Main	43702	Track lanes: Play only most recently playing lane for track under mouse
Main	43703	Options: Set metronome speed to 0.5x
Main	43705	View: Secondary time unit for ruler: Minutes:Seconds (minimal)
Main	43709	Ruler: Resize ruler when lane count changes
Main	43710	Ruler: Display marker number even if marker is named
Main	43711	Ruler: Resize now to fit all ruler lanes
Main	43715	Regions/markers: Renumber all regions and markers in timeline order by ruler lane
Main	43716	Ruler: Hide tempo/time signature area if project has no tempo/time signature changes
Main	43719	Show project template path in explorer/finder
Main	43720	Show track template path in explorer/finder
Main	43721	Show FX chain path in explorer/finder
Main	43722	Show ReaScript path in explorer/finder
Main	43723	Show automation item path in explorer/finder
Main	43724	Show theme path in explorer/finder
Main	43725	Track: Automatically group folder/child tracks for media/razor editing
Main	43726	Close and re-open audio/MIDI devices
Main	43727	Fixed lane comp area: Delete all unsynced comp areas
Main	43728	Fixed lane comp area: Delete unsynced comp areas in time selection
Main	43730	Sample edits: Delete sample edits in time selection for channel at mouse
Main	43731	Sample edits: Set sample values to zero in time selection for channel at mouse
Main	43732	Sample edits: Set sample values to a straight line in time selection for channel at mouse
Main	43733	Sample edits: Scale sample values in time selection for channel at mouse...
Main	43734	Track: Automatically group folder sibling tracks for media/razor editing
Main	43735	Item edit: Move items/envelope points left to grid
Main	43736	Item edit: Move items/envelope points right to grid
Main	43737	Envelopes: Move selected points left to grid
Main	43738	Envelopes: Move selected points right to grid
Main	43739	Sample edits: Set sample values to an interpolated curve in time selection for channel at mouse
Main	43740	Sample edits: Delete sample edits in time selection for all channels at mouse
Main	43741	Sample edits: Set sample values to zero in time selection for all channels at mouse
Main	43742	Sample edits: Set sample values to a straight line in time selection for all channels at mouse
Main	43743	Sample edits: Scale sample values in time selection for all channels at mouse...
Main	43744	Sample edits: Set sample values to an interpolated curve in time selection for all channels at mouse
Main	43778	Sample edits: Spectral repair sample values in time selection for channel at mouse...
Main	43779	Sample edits: Spectral repair sample values in time selection for all channels at mouse...
Main	43780	Item: Detect LTC and move to detected position
Main	43781	Options: Automatically zoom to time selection when running sample edit actions
Main	43789	Sample edits: Apply 1 ms spectral repair to sample values for channel at mouse...
Main	43790	Sample edits: Apply 1 ms spectral repair to sample values for all channels at mouse...
Main	43791	Sample edits: Apply 1 ms spectral repair to sample values for first selected item at edit cursor...
Main	43792	Sample edits: Apply 10 ms spectral repair to sample values for channel at mouse...
Main	43793	Sample edits: Apply 10 ms spectral repair to sample values for all channels at mouse...
Main	43794	Sample edits: Apply 10 ms spectral repair to sample values for first selected item at edit cursor...
Main	43796	Sample edits: Delete sample edits in time selection for first selected item
Main	43797	Sample edits: Set sample values to zero in time selection for first selected item
Main	43798	Sample edits: Set sample values to a straight line in time selection for first selected item
Main	43799	Sample edits: Scale sample values in time selection for first selected item...
Main	43800	Sample edits: Set sample values to an interpolated curve in time selection for first selected item
Main	43801	Sample edits: Spectral repair sample values in time selection for first selected item...
Main	43802	Sample edits: Delete all sample edits for channel at mouse
Main	43803	Sample edits: Delete all sample edits for all channels of selected item at mouse
Main	43804	Sample edits: Delete all sample edits for first selected item
Main	45000	Take: Set 1st take active
Main	45001	Take: Set 2nd take active
Main	45002	Take: Set 3rd take active
Main	45003	Take: Set 4th take active
Main	45004	Take: Set 5th take active
Main	45005	Take: Set 6th take active
Main	45006	Take: Set 7th take active
Main	45007	Take: Set 8th take active
Main	45008	Take: Set 9th take active
Main	46000	Track: Insert track from template...
Main	47306	Markers: Insert marker at edit cursor
Main	47307	Markers: Insert and/or edit marker at edit cursor
Main	47308	Markers: Quick-add or edit marker at edit cursor
Main	48500	Layout: Default layout
Main	50122	Video: Fullscreen
Main	50123	Video: Clear video cache/re-render frames
Main	50124	Media explorer: Show/hide media explorer
Main	50125	Video: Show/hide video window
Main	50500	Automation: Save latch preset 1 for all tracks
Main	50501	Automation: Save latch preset 2 for all tracks
Main	50502	Automation: Save latch preset 3 for all tracks
Main	50503	Automation: Save latch preset 4 for all tracks
Main	50504	Automation: Save latch preset 5 for all tracks
Main	50505	Automation: Save latch preset 6 for all tracks
Main	50506	Automation: Save latch preset 7 for all tracks
Main	50507	Automation: Save latch preset 8 for all tracks
Main	50508	Automation: Save latch preset 9 for all tracks
Main	50509	Automation: Save latch preset 10 for all tracks
Main	50510	Automation: Save latch preset 11 for all tracks
Main	50511	Automation: Save latch preset 12 for all tracks
Main	50512	Automation: Save latch preset 13 for all tracks
Main	50513	Automation: Save latch preset 14 for all tracks
Main	50514	Automation: Save latch preset 15 for all tracks
Main	50515	Automation: Save latch preset 16 for all tracks
Main	50516	Automation: Save latch preset 17 for all tracks
Main	50517	Automation: Save latch preset 18 for all tracks
Main	50518	Automation: Save latch preset 19 for all tracks
Main	50519	Automation: Save latch preset 20 for all tracks
Main	50520	Automation: Save latch preset 21 for all tracks
Main	50521	Automation: Save latch preset 22 for all tracks
Main	50522	Automation: Save latch preset 23 for all tracks
Main	50523	Automation: Save latch preset 24 for all tracks
Main	50524	Automation: Save latch preset 25 for all tracks
Main	50525	Automation: Save latch preset 26 for all tracks
Main	50526	Automation: Save latch preset 27 for all tracks
Main	50527	Automation: Save latch preset 28 for all tracks
Main	50528	Automation: Save latch preset 29 for all tracks
Main	50529	Automation: Save latch preset 30 for all tracks
Main	50530	Automation: Save latch preset 31 for all tracks
Main	50531	Automation: Save latch preset 32 for all tracks
Main	50532	Automation: Save latch preset 33 for all tracks
Main	50533	Automation: Save latch preset 34 for all tracks
Main	50534	Automation: Save latch preset 35 for all tracks
Main	50535	Automation: Save latch preset 36 for all tracks
Main	50536	Automation: Save latch preset 37 for all tracks
Main	50537	Automation: Save latch preset 38 for all tracks
Main	50538	Automation: Save latch preset 39 for all tracks
Main	50539	Automation: Save latch preset 40 for all tracks
Main	50540	Automation: Save latch preset 41 for all tracks
Main	50541	Automation: Save latch preset 42 for all tracks
Main	50542	Automation: Save latch preset 43 for all tracks
Main	50543	Automation: Save latch preset 44 for all tracks
Main	50544	Automation: Save latch preset 45 for all tracks
Main	50545	Automation: Save latch preset 46 for all tracks
Main	50546	Automation: Save latch preset 47 for all tracks
Main	50547	Automation: Save latch preset 48 for all tracks
Main	50548	Automation: Save latch preset 49 for all tracks
Main	50549	Automation: Save latch preset 50 for all tracks
Main	50550	Automation: Save latch preset 51 for all tracks
Main	50551	Automation: Save latch preset 52 for all tracks
Main	50552	Automation: Save latch preset 53 for all tracks
Main	50553	Automation: Save latch preset 54 for all tracks
Main	50554	Automation: Save latch preset 55 for all tracks
Main	50555	Automation: Save latch preset 56 for all tracks
Main	50556	Automation: Save latch preset 57 for all tracks
Main	50557	Automation: Save latch preset 58 for all tracks
Main	50558	Automation: Save latch preset 59 for all tracks
Main	50559	Automation: Save latch preset 60 for all tracks
Main	50560	Automation: Save latch preset 61 for all tracks
Main	50561	Automation: Save latch preset 62 for all tracks
Main	50562	Automation: Save latch preset 63 for all tracks
Main	50563	Automation: Save latch preset 64 for all tracks
Main	50564	Automation: Load latch preset 1 for all tracks
Main	50565	Automation: Load latch preset 2 for all tracks
Main	50566	Automation: Load latch preset 3 for all tracks
Main	50567	Automation: Load latch preset 4 for all tracks
Main	50568	Automation: Load latch preset 5 for all tracks
Main	50569	Automation: Load latch preset 6 for all tracks
Main	50570	Automation: Load latch preset 7 for all tracks
Main	50571	Automation: Load latch preset 8 for all tracks
Main	50572	Automation: Load latch preset 9 for all tracks
Main	50573	Automation: Load latch preset 10 for all tracks
Main	50574	Automation: Load latch preset 11 for all tracks
Main	50575	Automation: Load latch preset 12 for all tracks
Main	50576	Automation: Load latch preset 13 for all tracks
Main	50577	Automation: Load latch preset 14 for all tracks
Main	50578	Automation: Load latch preset 15 for all tracks
Main	50579	Automation: Load latch preset 16 for all tracks
Main	50580	Automation: Load latch preset 17 for all tracks
Main	50581	Automation: Load latch preset 18 for all tracks
Main	50582	Automation: Load latch preset 19 for all tracks
Main	50583	Automation: Load latch preset 20 for all tracks
Main	50584	Automation: Load latch preset 21 for all tracks
Main	50585	Automation: Load latch preset 22 for all tracks
Main	50586	Automation: Load latch preset 23 for all tracks
Main	50587	Automation: Load latch preset 24 for all tracks
Main	50588	Automation: Load latch preset 25 for all tracks
Main	50589	Automation: Load latch preset 26 for all tracks
Main	50590	Automation: Load latch preset 27 for all tracks
Main	50591	Automation: Load latch preset 28 for all tracks
Main	50592	Automation: Load latch preset 29 for all tracks
Main	50593	Automation: Load latch preset 30 for all tracks
Main	50594	Automation: Load latch preset 31 for all tracks
Main	50595	Automation: Load latch preset 32 for all tracks
Main	50596	Automation: Load latch preset 33 for all tracks
Main	50597	Automation: Load latch preset 34 for all tracks
Main	50598	Automation: Load latch preset 35 for all tracks
Main	50599	Automation: Load latch preset 36 for all tracks
Main	50600	Automation: Load latch preset 37 for all tracks
Main	50601	Automation: Load latch preset 38 for all tracks
Main	50602	Automation: Load latch preset 39 for all tracks
Main	50603	Automation: Load latch preset 40 for all tracks
Main	50604	Automation: Load latch preset 41 for all tracks
Main	50605	Automation: Load latch preset 42 for all tracks
Main	50606	Automation: Load latch preset 43 for all tracks
Main	50607	Automation: Load latch preset 44 for all tracks
Main	50608	Automation: Load latch preset 45 for all tracks
Main	50609	Automation: Load latch preset 46 for all tracks
Main	50610	Automation: Load latch preset 47 for all tracks
Main	50611	Automation: Load latch preset 48 for all tracks
Main	50612	Automation: Load latch preset 49 for all tracks
Main	50613	Automation: Load latch preset 50 for all tracks
Main	50614	Automation: Load latch preset 51 for all tracks
Main	50615	Automation: Load latch preset 52 for all tracks
Main	50616	Automation: Load latch preset 53 for all tracks
Main	50617	Automation: Load latch preset 54 for all tracks
Main	50618	Automation: Load latch preset 55 for all tracks
Main	50619	Automation: Load latch preset 56 for all tracks
Main	50620	Automation: Load latch preset 57 for all tracks
Main	50621	Automation: Load latch preset 58 for all tracks
Main	50622	Automation: Load latch preset 59 for all tracks
Main	50623	Automation: Load latch preset 60 for all tracks
Main	50624	Automation: Load latch preset 61 for all tracks
Main	50625	Automation: Load latch preset 62 for all tracks
Main	50626	Automation: Load latch preset 63 for all tracks
Main	50627	Automation: Load latch preset 64 for all tracks
Main	50628	Automation: Save latch preset 1 for selected tracks
Main	50629	Automation: Save latch preset 2 for selected tracks
Main	50630	Automation: Save latch preset 3 for selected tracks
Main	50631	Automation: Save latch preset 4 for selected tracks
Main	50632	Automation: Save latch preset 5 for selected tracks
Main	50633	Automation: Save latch preset 6 for selected tracks
Main	50634	Automation: Save latch preset 7 for selected tracks
Main	50635	Automation: Save latch preset 8 for selected tracks
Main	50636	Automation: Save latch preset 9 for selected tracks
Main	50637	Automation: Save latch preset 10 for selected tracks
Main	50638	Automation: Save latch preset 11 for selected tracks
Main	50639	Automation: Save latch preset 12 for selected tracks
Main	50640	Automation: Save latch preset 13 for selected tracks
Main	50641	Automation: Save latch preset 14 for selected tracks
Main	50642	Automation: Save latch preset 15 for selected tracks
Main	50643	Automation: Save latch preset 16 for selected tracks
Main	50644	Automation: Save latch preset 17 for selected tracks
Main	50645	Automation: Save latch preset 18 for selected tracks
Main	50646	Automation: Save latch preset 19 for selected tracks
Main	50647	Automation: Save latch preset 20 for selected tracks
Main	50648	Automation: Save latch preset 21 for selected tracks
Main	50649	Automation: Save latch preset 22 for selected tracks
Main	50650	Automation: Save latch preset 23 for selected tracks
Main	50651	Automation: Save latch preset 24 for selected tracks
Main	50652	Automation: Save latch preset 25 for selected tracks
Main	50653	Automation: Save latch preset 26 for selected tracks
Main	50654	Automation: Save latch preset 27 for selected tracks
Main	50655	Automation: Save latch preset 28 for selected tracks
Main	50656	Automation: Save latch preset 29 for selected tracks
Main	50657	Automation: Save latch preset 30 for selected tracks
Main	50658	Automation: Save latch preset 31 for selected tracks
Main	50659	Automation: Save latch preset 32 for selected tracks
Main	50660	Automation: Save latch preset 33 for selected tracks
Main	50661	Automation: Save latch preset 34 for selected tracks
Main	50662	Automation: Save latch preset 35 for selected tracks
Main	50663	Automation: Save latch preset 36 for selected tracks
Main	50664	Automation: Save latch preset 37 for selected tracks
Main	50665	Automation: Save latch preset 38 for selected tracks
Main	50666	Automation: Save latch preset 39 for selected tracks
Main	50667	Automation: Save latch preset 40 for selected tracks
Main	50668	Automation: Save latch preset 41 for selected tracks
Main	50669	Automation: Save latch preset 42 for selected tracks
Main	50670	Automation: Save latch preset 43 for selected tracks
Main	50671	Automation: Save latch preset 44 for selected tracks
Main	50672	Automation: Save latch preset 45 for selected tracks
Main	50673	Automation: Save latch preset 46 for selected tracks
Main	50674	Automation: Save latch preset 47 for selected tracks
Main	50675	Automation: Save latch preset 48 for selected tracks
Main	50676	Automation: Save latch preset 49 for selected tracks
Main	50677	Automation: Save latch preset 50 for selected tracks
Main	50678	Automation: Save latch preset 51 for selected tracks
Main	50679	Automation: Save latch preset 52 for selected tracks
Main	50680	Automation: Save latch preset 53 for selected tracks
Main	50681	Automation: Save latch preset 54 for selected tracks
Main	50682	Automation: Save latch preset 55 for selected tracks
Main	50683	Automation: Save latch preset 56 for selected tracks
Main	50684	Automation: Save latch preset 57 for selected tracks
Main	50685	Automation: Save latch preset 58 for selected tracks
Main	50686	Automation: Save latch preset 59 for selected tracks
Main	50687	Automation: Save latch preset 60 for selected tracks
Main	50688	Automation: Save latch preset 61 for selected tracks
Main	50689	Automation: Save latch preset 62 for selected tracks
Main	50690	Automation: Save latch preset 63 for selected tracks
Main	50691	Automation: Save latch preset 64 for selected tracks
Main	50692	Automation: Load latch preset 1 for selected tracks
Main	50693	Automation: Load latch preset 2 for selected tracks
Main	50694	Automation: Load latch preset 3 for selected tracks
Main	50695	Automation: Load latch preset 4 for selected tracks
Main	50696	Automation: Load latch preset 5 for selected tracks
Main	50697	Automation: Load latch preset 6 for selected tracks
Main	50698	Automation: Load latch preset 7 for selected tracks
Main	50699	Automation: Load latch preset 8 for selected tracks
Main	50700	Automation: Load latch preset 9 for selected tracks
Main	50701	Automation: Load latch preset 10 for selected tracks
Main	50702	Automation: Load latch preset 11 for selected tracks
Main	50703	Automation: Load latch preset 12 for selected tracks
Main	50704	Automation: Load latch preset 13 for selected tracks
Main	50705	Automation: Load latch preset 14 for selected tracks
Main	50706	Automation: Load latch preset 15 for selected tracks
Main	50707	Automation: Load latch preset 16 for selected tracks
Main	50708	Automation: Load latch preset 17 for selected tracks
Main	50709	Automation: Load latch preset 18 for selected tracks
Main	50710	Automation: Load latch preset 19 for selected tracks
Main	50711	Automation: Load latch preset 20 for selected tracks
Main	50712	Automation: Load latch preset 21 for selected tracks
Main	50713	Automation: Load latch preset 22 for selected tracks
Main	50714	Automation: Load latch preset 23 for selected tracks
Main	50715	Automation: Load latch preset 24 for selected tracks
Main	50716	Automation: Load latch preset 25 for selected tracks
Main	50717	Automation: Load latch preset 26 for selected tracks
Main	50718	Automation: Load latch preset 27 for selected tracks
Main	50719	Automation: Load latch preset 28 for selected tracks
Main	50720	Automation: Load latch preset 29 for selected tracks
Main	50721	Automation: Load latch preset 30 for selected tracks
Main	50722	Automation: Load latch preset 31 for selected tracks
Main	50723	Automation: Load latch preset 32 for selected tracks
Main	50724	Automation: Load latch preset 33 for selected tracks
Main	50725	Automation: Load latch preset 34 for selected tracks
Main	50726	Automation: Load latch preset 35 for selected tracks
Main	50727	Automation: Load latch preset 36 for selected tracks
Main	50728	Automation: Load latch preset 37 for selected tracks
Main	50729	Automation: Load latch preset 38 for selected tracks
Main	50730	Automation: Load latch preset 39 for selected tracks
Main	50731	Automation: Load latch preset 40 for selected tracks
Main	50732	Automation: Load latch preset 41 for selected tracks
Main	50733	Automation: Load latch preset 42 for selected tracks
Main	50734	Automation: Load latch preset 43 for selected tracks
Main	50735	Automation: Load latch preset 44 for selected tracks
Main	50736	Automation: Load latch preset 45 for selected tracks
Main	50737	Automation: Load latch preset 46 for selected tracks
Main	50738	Automation: Load latch preset 47 for selected tracks
Main	50739	Automation: Load latch preset 48 for selected tracks
Main	50740	Automation: Load latch preset 49 for selected tracks
Main	50741	Automation: Load latch preset 50 for selected tracks
Main	50742	Automation: Load latch preset 51 for selected tracks
Main	50743	Automation: Load latch preset 52 for selected tracks
Main	50744	Automation: Load latch preset 53 for selected tracks
Main	50745	Automation: Load latch preset 54 for selected tracks
Main	50746	Automation: Load latch preset 55 for selected tracks
Main	50747	Automation: Load latch preset 56 for selected tracks
Main	50748	Automation: Load latch preset 57 for selected tracks
Main	50749	Automation: Load latch preset 58 for selected tracks
Main	50750	Automation: Load latch preset 59 for selected tracks
Main	50751	Automation: Load latch preset 60 for selected tracks
Main	50752	Automation: Load latch preset 61 for selected tracks
Main	50753	Automation: Load latch preset 62 for selected tracks
Main	50754	Automation: Load latch preset 63 for selected tracks
Main	50755	Automation: Load latch preset 64 for selected tracks
Main	50756	Automation: Clear latch preset 1
Main	50757	Automation: Clear latch preset 2
Main	50758	Automation: Clear latch preset 3
Main	50759	Automation: Clear latch preset 4
Main	50760	Automation: Clear latch preset 5
Main	50761	Automation: Clear latch preset 6
Main	50762	Automation: Clear latch preset 7
Main	50763	Automation: Clear latch preset 8
Main	50764	Automation: Clear latch preset 9
Main	50765	Automation: Clear latch preset 10
Main	50766	Automation: Clear latch preset 11
Main	50767	Automation: Clear latch preset 12
Main	50768	Automation: Clear latch preset 13
Main	50769	Automation: Clear latch preset 14
Main	50770	Automation: Clear latch preset 15
Main	50771	Automation: Clear latch preset 16
Main	50772	Automation: Clear latch preset 17
Main	50773	Automation: Clear latch preset 18
Main	50774	Automation: Clear latch preset 19
Main	50775	Automation: Clear latch preset 20
Main	50776	Automation: Clear latch preset 21
Main	50777	Automation: Clear latch preset 22
Main	50778	Automation: Clear latch preset 23
Main	50779	Automation: Clear latch preset 24
Main	50780	Automation: Clear latch preset 25
Main	50781	Automation: Clear latch preset 26
Main	50782	Automation: Clear latch preset 27
Main	50783	Automation: Clear latch preset 28
Main	50784	Automation: Clear latch preset 29
Main	50785	Automation: Clear latch preset 30
Main	50786	Automation: Clear latch preset 31
Main	50787	Automation: Clear latch preset 32
Main	50788	Automation: Clear latch preset 33
Main	50789	Automation: Clear latch preset 34
Main	50790	Automation: Clear latch preset 35
Main	50791	Automation: Clear latch preset 36
Main	50792	Automation: Clear latch preset 37
Main	50793	Automation: Clear latch preset 38
Main	50794	Automation: Clear latch preset 39
Main	50795	Automation: Clear latch preset 40
Main	50796	Automation: Clear latch preset 41
Main	50797	Automation: Clear latch preset 42
Main	50798	Automation: Clear latch preset 43
Main	50799	Automation: Clear latch preset 44
Main	50800	Automation: Clear latch preset 45
Main	50801	Automation: Clear latch preset 46
Main	50802	Automation: Clear latch preset 47
Main	50803	Automation: Clear latch preset 48
Main	50804	Automation: Clear latch preset 49
Main	50805	Automation: Clear latch preset 50
Main	50806	Automation: Clear latch preset 51
Main	50807	Automation: Clear latch preset 52
Main	50808	Automation: Clear latch preset 53
Main	50809	Automation: Clear latch preset 54
Main	50810	Automation: Clear latch preset 55
Main	50811	Automation: Clear latch preset 56
Main	50812	Automation: Clear latch preset 57
Main	50813	Automation: Clear latch preset 58
Main	50814	Automation: Clear latch preset 59
Main	50815	Automation: Clear latch preset 60
Main	50816	Automation: Clear latch preset 61
Main	50817	Automation: Clear latch preset 62
Main	50818	Automation: Clear latch preset 63
Main	50819	Automation: Clear latch preset 64
Main	50820	FX: Toggle bypass for FX in slot 1 for selected tracks
Main	50821	FX: Toggle bypass for FX in slot 2 for selected tracks
Main	50822	FX: Toggle bypass for FX in slot 3 for selected tracks
Main	50823	FX: Toggle bypass for FX in slot 4 for selected tracks
Main	50824	FX: Toggle bypass for FX in slot 5 for selected tracks
Main	50825	FX: Toggle bypass for FX in slot 6 for selected tracks
Main	50826	FX: Toggle bypass for FX in slot 7 for selected tracks
Main	50827	FX: Toggle bypass for FX in slot 8 for selected tracks
Main	50828	FX: Toggle bypass for FX in slot 9 for selected tracks
Main	50829	FX: Toggle bypass for FX in slot 10 for selected tracks
